region,week,pango,who,variant,pct,pct_ci_lo,pct_ci_hi
USA,2021-06-26,A.2.5,NA,Other,0.5,0.2,1.2
USA,2021-06-26,AY.1,Delta,Delta,0.1,0,0.2
USA,2021-06-26,AY.2,Delta,Delta,1.3,0.7,2
USA,2021-06-26,AY.3,Delta,Delta,7.3,3.7,13.7
USA,2021-06-26,B.1.1.194,NA,Other,0.1,0,0.4
USA,2021-06-26,B.1.1.529,NA,BA.1,0,0,0.1
USA,2021-06-26,B.1.1.7,Alpha,Other,26.1,22.7,29.7
USA,2021-06-26,B.1.351,Beta,Other,0,0,0.1
USA,2021-06-26,B.1.427,Epsilon,Other,0,0,0.2
USA,2021-06-26,B.1.429,Epsilon,Other,0,0,0.1
USA,2021-06-26,B.1.525,Eta,Other,0,NA,NA
USA,2021-06-26,B.1.526,Iota,Other,1.8,1.3,2.6
USA,2021-06-26,B.1.617.1,Kappa,Other,0,NA,NA
USA,2021-06-26,B.1.617.2,Delta,Delta,55.2,50.2,60.1
USA,2021-06-26,B.1.617.3,NA,Other,0,NA,NA
USA,2021-06-26,B.1.621,Mu,Other,4.6,3.5,6
USA,2021-06-26,B.1.621.1,NA,Other,0.8,0.5,1.3
USA,2021-06-26,B.1.626,NA,Other,0,0,0.1
USA,2021-06-26,B.1.628,NA,Other,1.6,0.7,3
USA,2021-06-26,B.1.637,NA,Other,1.3,0.9,2
USA,2021-06-26,BA.1.1,Omicron,BA.1,0,0,0.1
USA,2021-06-26,BA.2,Omicron,BA.2,0,NA,NA
USA,2021-06-26,BA.2.12.1,Omicron,BA.2.12,0,NA,NA
USA,2021-06-26,BA.2.75,Omicron,BA.2.75,0,NA,NA
USA,2021-06-26,BA.2.75.2,Omicron,BA.2.75,0,NA,NA
USA,2021-06-26,BA.4,Omicron,BA.4,0,NA,NA
USA,2021-06-26,BA.4.6,Omicron,Other,0,NA,NA
USA,2021-06-26,BA.5,Omicron,BA.5,0,NA,NA
USA,2021-06-26,BA.5.2.6,Omicron,BA.5,0,NA,NA
USA,2021-06-26,BF.11,NA,Other,0,NA,NA
USA,2021-06-26,BF.7,NA,Other,0,NA,NA
USA,2021-06-26,BN.1,NA,Other,0,NA,NA
USA,2021-06-26,BQ.1,Omicron,Other,0,NA,NA
USA,2021-06-26,BQ.1.1,Omicron,Other,0,NA,NA
USA,2021-06-26,Other,NA,Other,44.8,39.8,49.8
USA,2021-06-26,P.1,Gamma,Other,6.8,5.3,8.6
USA,2021-06-26,XBB,Omicron,Other,0,NA,NA
USA,2021-06-26,XBB.1.5,Omicron,Other,0,NA,NA
USA,2021-07-03,A.2.5,NA,Other,0.3,0.2,0.6
USA,2021-07-03,AY.1,Delta,Delta,0.1,0,0.2
USA,2021-07-03,AY.2,Delta,Delta,1.2,0.7,1.9
USA,2021-07-03,AY.3,Delta,Delta,8.6,5,14.5
USA,2021-07-03,B.1.1.194,NA,Other,0.1,0,0.3
USA,2021-07-03,B.1.1.529,NA,BA.1,0,NA,NA
USA,2021-07-03,B.1.1.7,Alpha,Other,16,14.1,18.2
USA,2021-07-03,B.1.351,Beta,Other,0,0,0.1
USA,2021-07-03,B.1.427,Epsilon,Other,0,0,0.1
USA,2021-07-03,B.1.429,Epsilon,Other,0,0,0.1
USA,2021-07-03,B.1.525,Eta,Other,0,0,0.1
USA,2021-07-03,B.1.526,Iota,Other,1.2,0.9,1.7
USA,2021-07-03,B.1.617.1,Kappa,Other,0,NA,NA
USA,2021-07-03,B.1.617.2,Delta,Delta,70.8,67.7,73.8
USA,2021-07-03,B.1.617.3,NA,Other,0,NA,NA
USA,2021-07-03,B.1.621,Mu,Other,3.3,2.6,4.2
USA,2021-07-03,B.1.621.1,NA,Other,0.6,0.4,1
USA,2021-07-03,B.1.626,NA,Other,0,0,0.1
USA,2021-07-03,B.1.628,NA,Other,1.3,0.9,2
USA,2021-07-03,B.1.637,NA,Other,0.8,0.5,1.1
USA,2021-07-03,BA.1.1,Omicron,BA.1,0,NA,NA
USA,2021-07-03,BA.2,Omicron,BA.2,0,NA,NA
USA,2021-07-03,BA.2.12.1,Omicron,BA.2.12,0,NA,NA
USA,2021-07-03,BA.2.75,Omicron,BA.2.75,0,NA,NA
USA,2021-07-03,BA.2.75.2,Omicron,BA.2.75,0,NA,NA
USA,2021-07-03,BA.4,Omicron,BA.4,0,NA,NA
USA,2021-07-03,BA.4.6,Omicron,Other,0,NA,NA
USA,2021-07-03,BA.5,Omicron,BA.5,0,NA,NA
USA,2021-07-03,BA.5.2.6,Omicron,BA.5,0,NA,NA
USA,2021-07-03,BF.11,NA,Other,0,NA,NA
USA,2021-07-03,BF.7,NA,Other,0,NA,NA
USA,2021-07-03,BN.1,NA,Other,0,NA,NA
USA,2021-07-03,BQ.1,Omicron,Other,0,NA,NA
USA,2021-07-03,BQ.1.1,Omicron,Other,0,NA,NA
USA,2021-07-03,Other,NA,Other,29.2,26.2,32.3
USA,2021-07-03,P.1,Gamma,Other,5.4,4.3,6.6
USA,2021-07-03,XBB,Omicron,Other,0,NA,NA
USA,2021-07-03,XBB.1.5,Omicron,Other,0,NA,NA
USA,2021-07-10,A.2.5,NA,Other,0.3,0.1,0.6
USA,2021-07-10,AY.1,Delta,Delta,0.1,0.1,0.3
USA,2021-07-10,AY.2,Delta,Delta,1,0.6,1.5
USA,2021-07-10,AY.3,Delta,Delta,11.7,7.3,18.3
USA,2021-07-10,B.1.1.194,NA,Other,0.2,0.1,0.3
USA,2021-07-10,B.1.1.529,NA,BA.1,0,NA,NA
USA,2021-07-10,B.1.1.7,Alpha,Other,8.3,7.1,9.5
USA,2021-07-10,B.1.351,Beta,Other,0,0,0
USA,2021-07-10,B.1.427,Epsilon,Other,0,0,0
USA,2021-07-10,B.1.429,Epsilon,Other,0,0,0.1
USA,2021-07-10,B.1.525,Eta,Other,0,NA,NA
USA,2021-07-10,B.1.526,Iota,Other,0.5,0.3,0.7
USA,2021-07-10,B.1.617.1,Kappa,Other,0,NA,NA
USA,2021-07-10,B.1.617.2,Delta,Delta,82.2,80.1,84.2
USA,2021-07-10,B.1.617.3,NA,Other,0,NA,NA
USA,2021-07-10,B.1.621,Mu,Other,2.8,2.2,3.5
USA,2021-07-10,B.1.621.1,NA,Other,0.6,0.4,0.9
USA,2021-07-10,B.1.626,NA,Other,0,NA,NA
USA,2021-07-10,B.1.628,NA,Other,0.9,0.5,1.5
USA,2021-07-10,B.1.637,NA,Other,0.4,0.3,0.6
USA,2021-07-10,BA.1.1,Omicron,BA.1,0,NA,NA
USA,2021-07-10,BA.2,Omicron,BA.2,0,NA,NA
USA,2021-07-10,BA.2.12.1,Omicron,BA.2.12,0,NA,NA
USA,2021-07-10,BA.2.75,Omicron,BA.2.75,0,NA,NA
USA,2021-07-10,BA.2.75.2,Omicron,BA.2.75,0,NA,NA
USA,2021-07-10,BA.4,Omicron,BA.4,0,NA,NA
USA,2021-07-10,BA.4.6,Omicron,Other,0,NA,NA
USA,2021-07-10,BA.5,Omicron,BA.5,0,NA,NA
USA,2021-07-10,BA.5.2.6,Omicron,BA.5,0,NA,NA
USA,2021-07-10,BF.11,NA,Other,0,NA,NA
USA,2021-07-10,BF.7,NA,Other,0,NA,NA
USA,2021-07-10,BN.1,NA,Other,0,NA,NA
USA,2021-07-10,BQ.1,Omicron,Other,0,NA,NA
USA,2021-07-10,BQ.1.1,Omicron,Other,0,NA,NA
USA,2021-07-10,Other,NA,Other,17.8,15.8,19.9
USA,2021-07-10,P.1,Gamma,Other,3.2,2.4,4.1
USA,2021-07-10,XBB,Omicron,Other,0,NA,NA
USA,2021-07-10,XBB.1.5,Omicron,Other,0,NA,NA
USA,2021-07-17,A.2.5,NA,Other,0.2,0.1,0.8
USA,2021-07-17,AY.1,Delta,Delta,0,0,0.1
USA,2021-07-17,AY.2,Delta,Delta,0.6,0.4,0.9
USA,2021-07-17,AY.3,Delta,Delta,11.4,7.4,17.1
USA,2021-07-17,B.1.1.194,NA,Other,0.6,0.2,1.6
USA,2021-07-17,B.1.1.529,NA,BA.1,0,NA,NA
USA,2021-07-17,B.1.1.7,Alpha,Other,4.7,4,5.5
USA,2021-07-17,B.1.351,Beta,Other,0,0,0.1
USA,2021-07-17,B.1.427,Epsilon,Other,0,NA,NA
USA,2021-07-17,B.1.429,Epsilon,Other,0,NA,NA
USA,2021-07-17,B.1.525,Eta,Other,0,NA,NA
USA,2021-07-17,B.1.526,Iota,Other,0.2,0.1,0.4
USA,2021-07-17,B.1.617.1,Kappa,Other,0,NA,NA
USA,2021-07-17,B.1.617.2,Delta,Delta,87.9,86.1,89.5
USA,2021-07-17,B.1.617.3,NA,Other,0,NA,NA
USA,2021-07-17,B.1.621,Mu,Other,2.1,1.8,2.5
USA,2021-07-17,B.1.621.1,NA,Other,0.5,0.3,0.7
USA,2021-07-17,B.1.626,NA,Other,0,NA,NA
USA,2021-07-17,B.1.628,NA,Other,0.7,0.3,1.4
USA,2021-07-17,B.1.637,NA,Other,0.3,0.2,0.4
USA,2021-07-17,BA.1.1,Omicron,BA.1,0,NA,NA
USA,2021-07-17,BA.2,Omicron,BA.2,0,NA,NA
USA,2021-07-17,BA.2.12.1,Omicron,BA.2.12,0,NA,NA
USA,2021-07-17,BA.2.75,Omicron,BA.2.75,0,NA,NA
USA,2021-07-17,BA.2.75.2,Omicron,BA.2.75,0,NA,NA
USA,2021-07-17,BA.4,Omicron,BA.4,0,NA,NA
USA,2021-07-17,BA.4.6,Omicron,Other,0,NA,NA
USA,2021-07-17,BA.5,Omicron,BA.5,0,NA,NA
USA,2021-07-17,BA.5.2.6,Omicron,BA.5,0,NA,NA
USA,2021-07-17,BF.11,NA,Other,0,NA,NA
USA,2021-07-17,BF.7,NA,Other,0,NA,NA
USA,2021-07-17,BN.1,NA,Other,0,NA,NA
USA,2021-07-17,BQ.1,Omicron,Other,0,NA,NA
USA,2021-07-17,BQ.1.1,Omicron,Other,0,NA,NA
USA,2021-07-17,Other,NA,Other,12.1,10.5,13.9
USA,2021-07-17,P.1,Gamma,Other,2.2,1.7,2.8
USA,2021-07-17,XBB,Omicron,Other,0,NA,NA
USA,2021-07-17,XBB.1.5,Omicron,Other,0,NA,NA
USA,2021-07-24,A.2.5,NA,Other,0.1,0,0.1
USA,2021-07-24,AY.1,Delta,Delta,0.1,0,0.1
USA,2021-07-24,AY.2,Delta,Delta,0.6,0.4,0.8
USA,2021-07-24,AY.3,Delta,Delta,12.4,8.4,18
USA,2021-07-24,B.1.1.194,NA,Other,0.1,0,0.1
USA,2021-07-24,B.1.1.529,NA,BA.1,0,NA,NA
USA,2021-07-24,B.1.1.7,Alpha,Other,2.1,1.7,2.5
USA,2021-07-24,B.1.351,Beta,Other,0,0,0
USA,2021-07-24,B.1.427,Epsilon,Other,0,NA,NA
USA,2021-07-24,B.1.429,Epsilon,Other,0,0,0
USA,2021-07-24,B.1.525,Eta,Other,0,NA,NA
USA,2021-07-24,B.1.526,Iota,Other,0.1,0,0.1
USA,2021-07-24,B.1.617.1,Kappa,Other,0,NA,NA
USA,2021-07-24,B.1.617.2,Delta,Delta,94.4,93.7,95.1
USA,2021-07-24,B.1.617.3,NA,Other,0,NA,NA
USA,2021-07-24,B.1.621,Mu,Other,1.2,0.9,1.5
USA,2021-07-24,B.1.621.1,NA,Other,0.3,0.2,0.4
USA,2021-07-24,B.1.626,NA,Other,0,0,0
USA,2021-07-24,B.1.628,NA,Other,0.4,0.2,0.7
USA,2021-07-24,B.1.637,NA,Other,0.1,0.1,0.2
USA,2021-07-24,BA.1.1,Omicron,BA.1,0,NA,NA
USA,2021-07-24,BA.2,Omicron,BA.2,0,NA,NA
USA,2021-07-24,BA.2.12.1,Omicron,BA.2.12,0,NA,NA
USA,2021-07-24,BA.2.75,Omicron,BA.2.75,0,NA,NA
USA,2021-07-24,BA.2.75.2,Omicron,BA.2.75,0,NA,NA
USA,2021-07-24,BA.4,Omicron,BA.4,0,NA,NA
USA,2021-07-24,BA.4.6,Omicron,Other,0,NA,NA
USA,2021-07-24,BA.5,Omicron,BA.5,0,NA,NA
USA,2021-07-24,BA.5.2.6,Omicron,BA.5,0,NA,NA
USA,2021-07-24,BF.11,NA,Other,0,NA,NA
USA,2021-07-24,BF.7,NA,Other,0,NA,NA
USA,2021-07-24,BN.1,NA,Other,0,NA,NA
USA,2021-07-24,BQ.1,Omicron,Other,0,NA,NA
USA,2021-07-24,BQ.1.1,Omicron,Other,0,NA,NA
USA,2021-07-24,Other,NA,Other,5.6,4.9,6.3
USA,2021-07-24,P.1,Gamma,Other,0.9,0.8,1.2
USA,2021-07-24,XBB,Omicron,Other,0,NA,NA
USA,2021-07-24,XBB.1.5,Omicron,Other,0,NA,NA
USA,2021-07-31,A.2.5,NA,Other,0,0,0.1
USA,2021-07-31,AY.1,Delta,Delta,0.1,0.1,0.2
USA,2021-07-31,AY.2,Delta,Delta,0.3,0.2,0.5
USA,2021-07-31,AY.3,Delta,Delta,12.1,8.8,16.3
USA,2021-07-31,B.1.1.194,NA,Other,0.2,0.1,0.3
USA,2021-07-31,B.1.1.529,NA,BA.1,0,NA,NA
USA,2021-07-31,B.1.1.7,Alpha,Other,1.1,0.9,1.3
USA,2021-07-31,B.1.351,Beta,Other,0,NA,NA
USA,2021-07-31,B.1.525,Eta,Other,0,NA,NA
USA,2021-07-31,B.1.526,Iota,Other,0,0,0.1
USA,2021-07-31,B.1.617.1,Kappa,Other,0,NA,NA
USA,2021-07-31,B.1.617.2,Delta,Delta,96.5,95.9,97.1
USA,2021-07-31,B.1.617.3,NA,Other,0,NA,NA
USA,2021-07-31,B.1.621,Mu,Other,0.7,0.5,1
USA,2021-07-31,B.1.621.1,NA,Other,0.1,0.1,0.3
USA,2021-07-31,B.1.626,NA,Other,0,0,0
USA,2021-07-31,B.1.628,NA,Other,0.1,0.1,0.2
USA,2021-07-31,B.1.637,NA,Other,0.1,0,0.1
USA,2021-07-31,BA.1.1,Omicron,BA.1,0,NA,NA
USA,2021-07-31,BA.2,Omicron,BA.2,0,NA,NA
USA,2021-07-31,BA.2.12.1,Omicron,BA.2.12,0,NA,NA
USA,2021-07-31,BA.2.75,Omicron,BA.2.75,0,NA,NA
USA,2021-07-31,BA.2.75.2,Omicron,BA.2.75,0,NA,NA
USA,2021-07-31,BA.4,Omicron,BA.4,0,NA,NA
USA,2021-07-31,BA.4.6,Omicron,Other,0,NA,NA
USA,2021-07-31,BA.5,Omicron,BA.5,0,NA,NA
USA,2021-07-31,BA.5.2.6,Omicron,BA.5,0,NA,NA
USA,2021-07-31,BF.11,NA,Other,0,NA,NA
USA,2021-07-31,BF.7,NA,Other,0,NA,NA
USA,2021-07-31,BN.1,NA,Other,0,NA,NA
USA,2021-07-31,BQ.1,Omicron,Other,0,NA,NA
USA,2021-07-31,BQ.1.1,Omicron,Other,0,NA,NA
USA,2021-07-31,Other,NA,Other,3.5,2.9,4.1
USA,2021-07-31,P.1,Gamma,Other,0.6,0.4,0.9
USA,2021-07-31,XBB,Omicron,Other,0,NA,NA
USA,2021-07-31,XBB.1.5,Omicron,Other,0,NA,NA
USA,2021-08-07,AY.1,Delta,Delta,0.1,0.1,0.2
USA,2021-08-07,AY.2,Delta,Delta,0.2,0.2,0.4
USA,2021-08-07,B.1.1.194,NA,Other,0.7,0.5,1
USA,2021-08-07,B.1.1.529,NA,BA.1,0,NA,NA
USA,2021-08-07,B.1.1.7,Alpha,Other,0.7,0.5,0.9
USA,2021-08-07,B.1.351,Beta,Other,0,0,0
USA,2021-08-07,B.1.525,Eta,Other,0,NA,NA
USA,2021-08-07,B.1.526,Iota,Other,0,0,0.1
USA,2021-08-07,B.1.617.1,Kappa,Other,0,NA,NA
USA,2021-08-07,B.1.617.2,Delta,Delta,97,96.1,97.7
USA,2021-08-07,B.1.617.3,NA,Other,0,NA,NA
USA,2021-08-07,B.1.621,Mu,Other,0.4,0.3,0.6
USA,2021-08-07,B.1.621.1,NA,Other,0.1,0.1,0.1
USA,2021-08-07,B.1.628,NA,Other,0.1,0.1,0.2
USA,2021-08-07,B.1.637,NA,Other,0,0,0.1
USA,2021-08-07,BA.1.1,Omicron,BA.1,0,NA,NA
USA,2021-08-07,BA.2,Omicron,BA.2,0,NA,NA
USA,2021-08-07,BA.2.12.1,Omicron,BA.2.12,0,NA,NA
USA,2021-08-07,BA.2.75,Omicron,BA.2.75,0,NA,NA
USA,2021-08-07,BA.2.75.2,Omicron,BA.2.75,0,NA,NA
USA,2021-08-07,BA.4,Omicron,BA.4,0,NA,NA
USA,2021-08-07,BA.4.6,Omicron,Other,0,NA,NA
USA,2021-08-07,BA.5,Omicron,BA.5,0,NA,NA
USA,2021-08-07,BA.5.2.6,Omicron,BA.5,0,NA,NA
USA,2021-08-07,BF.11,NA,Other,0,NA,NA
USA,2021-08-07,BF.7,NA,Other,0,NA,NA
USA,2021-08-07,BN.1,NA,Other,0,NA,NA
USA,2021-08-07,BQ.1,Omicron,Other,0,NA,NA
USA,2021-08-07,BQ.1.1,Omicron,Other,0,NA,NA
USA,2021-08-07,Other,NA,Other,3,2.3,3.9
USA,2021-08-07,P.1,Gamma,Other,0.4,0.3,0.5
USA,2021-08-07,XBB,Omicron,Other,0,NA,NA
USA,2021-08-07,XBB.1.5,Omicron,Other,0,NA,NA
USA,2021-08-14,AY.1,Delta,Delta,0.2,0.1,0.3
USA,2021-08-14,AY.2,Delta,Delta,0.2,0.1,0.3
USA,2021-08-14,B.1.1.194,NA,Other,0.1,0.1,0.2
USA,2021-08-14,B.1.1.529,NA,BA.1,0,NA,NA
USA,2021-08-14,B.1.1.7,Alpha,Other,0.3,0.2,0.5
USA,2021-08-14,B.1.351,Beta,Other,0,0,0
USA,2021-08-14,B.1.525,Eta,Other,0,NA,NA
USA,2021-08-14,B.1.526,Iota,Other,0,0,0
USA,2021-08-14,B.1.617.1,Kappa,Other,0,NA,NA
USA,2021-08-14,B.1.617.2,Delta,Delta,98.8,98.5,99
USA,2021-08-14,B.1.617.3,NA,Other,0,NA,NA
USA,2021-08-14,B.1.621,Mu,Other,0.3,0.2,0.4
USA,2021-08-14,B.1.621.1,NA,Other,0.1,0,0.1
USA,2021-08-14,B.1.628,NA,Other,0.1,0.1,0.2
USA,2021-08-14,B.1.637,NA,Other,0,0,0
USA,2021-08-14,BA.1.1,Omicron,BA.1,0,NA,NA
USA,2021-08-14,BA.2,Omicron,BA.2,0,NA,NA
USA,2021-08-14,BA.2.12.1,Omicron,BA.2.12,0,NA,NA
USA,2021-08-14,BA.2.75,Omicron,BA.2.75,0,NA,NA
USA,2021-08-14,BA.2.75.2,Omicron,BA.2.75,0,NA,NA
USA,2021-08-14,BA.4,Omicron,BA.4,0,NA,NA
USA,2021-08-14,BA.4.6,Omicron,Other,0,NA,NA
USA,2021-08-14,BA.5,Omicron,BA.5,0,NA,NA
USA,2021-08-14,BA.5.2.6,Omicron,BA.5,0,NA,NA
USA,2021-08-14,BF.11,NA,Other,0,NA,NA
USA,2021-08-14,BF.7,NA,Other,0,NA,NA
USA,2021-08-14,BN.1,NA,Other,0,NA,NA
USA,2021-08-14,BQ.1,Omicron,Other,0,NA,NA
USA,2021-08-14,BQ.1.1,Omicron,Other,0,NA,NA
USA,2021-08-14,Other,NA,Other,1.2,1,1.5
USA,2021-08-14,P.1,Gamma,Other,0.2,0.1,0.3
USA,2021-08-14,XBB,Omicron,Other,0,NA,NA
USA,2021-08-14,XBB.1.5,Omicron,Other,0,NA,NA
USA,2021-08-21,AY.1,Delta,Delta,0.1,0,0.1
USA,2021-08-21,AY.2,Delta,Delta,0.1,0.1,0.2
USA,2021-08-21,B.1.1.194,NA,Other,0.3,0.2,0.4
USA,2021-08-21,B.1.1.529,NA,BA.1,0,NA,NA
USA,2021-08-21,B.1.1.7,Alpha,Other,0.1,0.1,0.2
USA,2021-08-21,B.1.351,Beta,Other,0,0,0
USA,2021-08-21,B.1.525,Eta,Other,0,NA,NA
USA,2021-08-21,B.1.526,Iota,Other,0,0,0
USA,2021-08-21,B.1.617.1,Kappa,Other,0,0,0
USA,2021-08-21,B.1.617.2,Delta,Delta,98.7,98.2,99.1
USA,2021-08-21,B.1.617.3,NA,Other,0,NA,NA
USA,2021-08-21,B.1.621,Mu,Other,0.1,0.1,0.2
USA,2021-08-21,B.1.621.1,NA,Other,0.1,0,0.2
USA,2021-08-21,B.1.628,NA,Other,0.1,0,0.1
USA,2021-08-21,B.1.637,NA,Other,0,0,0
USA,2021-08-21,BA.1.1,Omicron,BA.1,0,NA,NA
USA,2021-08-21,BA.2,Omicron,BA.2,0,NA,NA
USA,2021-08-21,BA.2.12.1,Omicron,BA.2.12,0,NA,NA
USA,2021-08-21,BA.2.75,Omicron,BA.2.75,0,NA,NA
USA,2021-08-21,BA.2.75.2,Omicron,BA.2.75,0,NA,NA
USA,2021-08-21,BA.4,Omicron,BA.4,0,NA,NA
USA,2021-08-21,BA.4.6,Omicron,Other,0,NA,NA
USA,2021-08-21,BA.5,Omicron,BA.5,0,NA,NA
USA,2021-08-21,BA.5.2.6,Omicron,BA.5,0,NA,NA
USA,2021-08-21,BF.11,NA,Other,0,NA,NA
USA,2021-08-21,BF.7,NA,Other,0,NA,NA
USA,2021-08-21,BN.1,NA,Other,0,NA,NA
USA,2021-08-21,BQ.1,Omicron,Other,0,NA,NA
USA,2021-08-21,BQ.1.1,Omicron,Other,0,NA,NA
USA,2021-08-21,Other,NA,Other,1.3,0.9,1.8
USA,2021-08-21,P.1,Gamma,Other,0.1,0.1,0.2
USA,2021-08-21,XBB,Omicron,Other,0,NA,NA
USA,2021-08-21,XBB.1.5,Omicron,Other,0,NA,NA
USA,2021-08-28,AY.1,Delta,Delta,0.1,0,0.2
USA,2021-08-28,AY.2,Delta,Delta,0.1,0,0.2
USA,2021-08-28,B.1.1.194,NA,Other,0.6,0.5,0.9
USA,2021-08-28,B.1.1.529,NA,BA.1,0,NA,NA
USA,2021-08-28,B.1.1.7,Alpha,Other,0.1,0,0.1
USA,2021-08-28,B.1.351,Beta,Other,0,0,0
USA,2021-08-28,B.1.525,Eta,Other,0,NA,NA
USA,2021-08-28,B.1.526,Iota,Other,0,NA,NA
USA,2021-08-28,B.1.617.1,Kappa,Other,0,NA,NA
USA,2021-08-28,B.1.617.2,Delta,Delta,98.2,97.4,98.8
USA,2021-08-28,B.1.617.3,NA,Other,0,NA,NA
USA,2021-08-28,B.1.621,Mu,Other,0.1,0.1,0.2
USA,2021-08-28,B.1.628,NA,Other,0.1,0,0.1
USA,2021-08-28,B.1.637,NA,Other,0,NA,NA
USA,2021-08-28,BA.1.1,Omicron,BA.1,0,0,0
USA,2021-08-28,BA.2,Omicron,BA.2,0,NA,NA
USA,2021-08-28,BA.2.12.1,Omicron,BA.2.12,0,NA,NA
USA,2021-08-28,BA.2.75,Omicron,BA.2.75,0,NA,NA
USA,2021-08-28,BA.2.75.2,Omicron,BA.2.75,0,NA,NA
USA,2021-08-28,BA.4,Omicron,BA.4,0,NA,NA
USA,2021-08-28,BA.4.6,Omicron,Other,0,NA,NA
USA,2021-08-28,BA.5,Omicron,BA.5,0,NA,NA
USA,2021-08-28,BA.5.2.6,Omicron,BA.5,0,NA,NA
USA,2021-08-28,BF.11,NA,Other,0,NA,NA
USA,2021-08-28,BF.7,NA,Other,0,NA,NA
USA,2021-08-28,BN.1,NA,Other,0,NA,NA
USA,2021-08-28,BQ.1,Omicron,Other,0,NA,NA
USA,2021-08-28,BQ.1.1,Omicron,Other,0,NA,NA
USA,2021-08-28,Other,NA,Other,1.8,1.2,2.6
USA,2021-08-28,P.1,Gamma,Other,0.1,0.1,0.1
USA,2021-08-28,XBB,Omicron,Other,0,NA,NA
USA,2021-08-28,XBB.1.5,Omicron,Other,0,NA,NA
USA,2021-09-04,AY.1,Delta,Delta,0.1,0,0.1
USA,2021-09-04,AY.2,Delta,Delta,0.1,0.1,0.2
USA,2021-09-04,B.1.1.194,NA,Other,0.3,0.2,0.6
USA,2021-09-04,B.1.1.529,NA,BA.1,0,NA,NA
USA,2021-09-04,B.1.1.7,Alpha,Other,0.1,0,0.1
USA,2021-09-04,B.1.351,Beta,Other,0,NA,NA
USA,2021-09-04,B.1.525,Eta,Other,0,NA,NA
USA,2021-09-04,B.1.526,Iota,Other,0,NA,NA
USA,2021-09-04,B.1.617.1,Kappa,Other,0,NA,NA
USA,2021-09-04,B.1.617.2,Delta,Delta,99,98.6,99.4
USA,2021-09-04,B.1.617.3,NA,Other,0,NA,NA
USA,2021-09-04,B.1.621,Mu,Other,0.1,0,0.1
USA,2021-09-04,B.1.628,NA,Other,0,0,0
USA,2021-09-04,B.1.637,NA,Other,0,0,0
USA,2021-09-04,BA.1.1,Omicron,BA.1,0,NA,NA
USA,2021-09-04,BA.2,Omicron,BA.2,0,NA,NA
USA,2021-09-04,BA.2.12.1,Omicron,BA.2.12,0,NA,NA
USA,2021-09-04,BA.2.75,Omicron,BA.2.75,0,NA,NA
USA,2021-09-04,BA.2.75.2,Omicron,BA.2.75,0,NA,NA
USA,2021-09-04,BA.4,Omicron,BA.4,0,NA,NA
USA,2021-09-04,BA.4.6,Omicron,Other,0,NA,NA
USA,2021-09-04,BA.5,Omicron,BA.5,0,NA,NA
USA,2021-09-04,BA.5.2.6,Omicron,BA.5,0,NA,NA
USA,2021-09-04,BF.11,NA,Other,0,NA,NA
USA,2021-09-04,BF.7,NA,Other,0,NA,NA
USA,2021-09-04,BN.1,NA,Other,0,NA,NA
USA,2021-09-04,BQ.1,Omicron,Other,0,NA,NA
USA,2021-09-04,BQ.1.1,Omicron,Other,0,NA,NA
USA,2021-09-04,Other,NA,Other,1,0.6,1.4
USA,2021-09-04,P.1,Gamma,Other,0,0,0.1
USA,2021-09-04,XBB,Omicron,Other,0,NA,NA
USA,2021-09-04,XBB.1.5,Omicron,Other,0,NA,NA
USA,2021-09-11,AY.1,Delta,Delta,0.1,0,0.1
USA,2021-09-11,AY.2,Delta,Delta,0.1,0,0.2
USA,2021-09-11,B.1.1.529,NA,BA.1,0,0,0
USA,2021-09-11,B.1.1.7,Alpha,Other,0,0,0
USA,2021-09-11,B.1.351,Beta,Other,0,NA,NA
USA,2021-09-11,B.1.526,Iota,Other,0,NA,NA
USA,2021-09-11,B.1.617.1,Kappa,Other,0,NA,NA
USA,2021-09-11,B.1.617.2,Delta,Delta,99.1,98.7,99.5
USA,2021-09-11,B.1.621,Mu,Other,0.1,0,0.1
USA,2021-09-11,B.1.628,NA,Other,0,0,0
USA,2021-09-11,B.1.637,NA,Other,0,NA,NA
USA,2021-09-11,BA.1.1,Omicron,BA.1,0,NA,NA
USA,2021-09-11,BA.2,Omicron,BA.2,0,NA,NA
USA,2021-09-11,BA.2.12.1,Omicron,BA.2.12,0,NA,NA
USA,2021-09-11,BA.2.75,Omicron,BA.2.75,0,NA,NA
USA,2021-09-11,BA.2.75.2,Omicron,BA.2.75,0,NA,NA
USA,2021-09-11,BA.4,Omicron,BA.4,0,NA,NA
USA,2021-09-11,BA.4.6,Omicron,Other,0,NA,NA
USA,2021-09-11,BA.5,Omicron,BA.5,0,NA,NA
USA,2021-09-11,BA.5.2.6,Omicron,BA.5,0,NA,NA
USA,2021-09-11,BF.11,NA,Other,0,NA,NA
USA,2021-09-11,BF.7,NA,Other,0,NA,NA
USA,2021-09-11,BN.1,NA,Other,0,NA,NA
USA,2021-09-11,BQ.1,Omicron,Other,0,NA,NA
USA,2021-09-11,BQ.1.1,Omicron,Other,0,NA,NA
USA,2021-09-11,Other,NA,Other,0.9,0.5,1.3
USA,2021-09-11,P.1,Gamma,Other,0,0,0.1
USA,2021-09-11,XBB,Omicron,Other,0,NA,NA
USA,2021-09-11,XBB.1.5,Omicron,Other,0,NA,NA
USA,2021-09-18,AY.1,Delta,Delta,0.1,0,0.1
USA,2021-09-18,AY.2,Delta,Delta,0.1,0,0.1
USA,2021-09-18,B.1.1.529,NA,BA.1,0,NA,NA
USA,2021-09-18,B.1.1.7,Alpha,Other,0,0,0.1
USA,2021-09-18,B.1.351,Beta,Other,0,NA,NA
USA,2021-09-18,B.1.526,Iota,Other,0,0,0.2
USA,2021-09-18,B.1.617.1,Kappa,Other,0,NA,NA
USA,2021-09-18,B.1.617.2,Delta,Delta,98.9,98.3,99.3
USA,2021-09-18,B.1.621,Mu,Other,0,0,0.1
USA,2021-09-18,B.1.628,NA,Other,0,0,0
USA,2021-09-18,B.1.637,NA,Other,0,NA,NA
USA,2021-09-18,BA.1.1,Omicron,BA.1,0,0,0
USA,2021-09-18,BA.2,Omicron,BA.2,0,NA,NA
USA,2021-09-18,BA.2.12.1,Omicron,BA.2.12,0,NA,NA
USA,2021-09-18,BA.2.75,Omicron,BA.2.75,0,NA,NA
USA,2021-09-18,BA.2.75.2,Omicron,BA.2.75,0,NA,NA
USA,2021-09-18,BA.4,Omicron,BA.4,0,NA,NA
USA,2021-09-18,BA.4.6,Omicron,Other,0,NA,NA
USA,2021-09-18,BA.5,Omicron,BA.5,0,NA,NA
USA,2021-09-18,BA.5.2.6,Omicron,BA.5,0,NA,NA
USA,2021-09-18,BF.11,NA,Other,0,NA,NA
USA,2021-09-18,BF.7,NA,Other,0,NA,NA
USA,2021-09-18,BN.1,NA,Other,0,NA,NA
USA,2021-09-18,BQ.1,Omicron,Other,0,NA,NA
USA,2021-09-18,BQ.1.1,Omicron,Other,0,NA,NA
USA,2021-09-18,Other,NA,Other,1.1,0.7,1.7
USA,2021-09-18,P.1,Gamma,Other,0,0,0
USA,2021-09-18,XBB,Omicron,Other,0,NA,NA
USA,2021-09-18,XBB.1.5,Omicron,Other,0,NA,NA
USA,2021-09-25,AY.1,Delta,Delta,0,0,0.1
USA,2021-09-25,AY.2,Delta,Delta,0,0,0
USA,2021-09-25,B.1.1.529,NA,BA.1,0,NA,NA
USA,2021-09-25,B.1.1.7,Alpha,Other,0,0,0
USA,2021-09-25,B.1.617.2,Delta,Delta,99.1,98.7,99.4
USA,2021-09-25,B.1.621,Mu,Other,0,0,0.1
USA,2021-09-25,BA.1.1,Omicron,BA.1,0,NA,NA
USA,2021-09-25,BA.2,Omicron,BA.2,0,NA,NA
USA,2021-09-25,BA.2.12.1,Omicron,BA.2.12,0,NA,NA
USA,2021-09-25,BA.2.75,Omicron,BA.2.75,0,NA,NA
USA,2021-09-25,BA.2.75.2,Omicron,BA.2.75,0,NA,NA
USA,2021-09-25,BA.4,Omicron,BA.4,0,NA,NA
USA,2021-09-25,BA.4.6,Omicron,Other,0,NA,NA
USA,2021-09-25,BA.5,Omicron,BA.5,0,0,0
USA,2021-09-25,BA.5.2.6,Omicron,BA.5,0,NA,NA
USA,2021-09-25,BF.11,NA,Other,0,NA,NA
USA,2021-09-25,BF.7,NA,Other,0,NA,NA
USA,2021-09-25,BN.1,NA,Other,0,NA,NA
USA,2021-09-25,BQ.1,Omicron,Other,0,NA,NA
USA,2021-09-25,BQ.1.1,Omicron,Other,0,NA,NA
USA,2021-09-25,Other,NA,Other,0.9,0.6,1.3
USA,2021-09-25,P.1,Gamma,Other,0,0,0.1
USA,2021-09-25,XBB,Omicron,Other,0,NA,NA
USA,2021-09-25,XBB.1.5,Omicron,Other,0,NA,NA
USA,2021-10-02,AY.1,Delta,Delta,0,0,0.1
USA,2021-10-02,AY.2,Delta,Delta,0,0,0
USA,2021-10-02,B.1.1.529,NA,BA.1,0,0,0
USA,2021-10-02,B.1.1.7,Alpha,Other,0,NA,NA
USA,2021-10-02,B.1.617.2,Delta,Delta,99.1,98.7,99.4
USA,2021-10-02,B.1.621,Mu,Other,0,0,0.1
USA,2021-10-02,BA.1.1,Omicron,BA.1,0,0,0
USA,2021-10-02,BA.2,Omicron,BA.2,0,NA,NA
USA,2021-10-02,BA.2.12.1,Omicron,BA.2.12,0,0,0
USA,2021-10-02,BA.2.75,Omicron,BA.2.75,0,NA,NA
USA,2021-10-02,BA.2.75.2,Omicron,BA.2.75,0,NA,NA
USA,2021-10-02,BA.4,Omicron,BA.4,0,NA,NA
USA,2021-10-02,BA.4.6,Omicron,Other,0,NA,NA
USA,2021-10-02,BA.5,Omicron,BA.5,0,NA,NA
USA,2021-10-02,BA.5.2.6,Omicron,BA.5,0,NA,NA
USA,2021-10-02,BF.11,NA,Other,0,NA,NA
USA,2021-10-02,BF.7,NA,Other,0,NA,NA
USA,2021-10-02,BN.1,NA,Other,0,NA,NA
USA,2021-10-02,BQ.1,Omicron,Other,0,NA,NA
USA,2021-10-02,BQ.1.1,Omicron,Other,0,NA,NA
USA,2021-10-02,Other,NA,Other,0.9,0.6,1.3
USA,2021-10-02,P.1,Gamma,Other,0,NA,NA
USA,2021-10-02,XBB,Omicron,Other,0,NA,NA
USA,2021-10-02,XBB.1.5,Omicron,Other,0,NA,NA
USA,2021-10-09,AY.1,Delta,Delta,0.1,0,0.1
USA,2021-10-09,AY.2,Delta,Delta,0,0,0
USA,2021-10-09,B.1.1.529,NA,BA.1,0,0,0
USA,2021-10-09,B.1.1.7,Alpha,Other,0,NA,NA
USA,2021-10-09,B.1.617.2,Delta,Delta,99,98.6,99.3
USA,2021-10-09,BA.1.1,Omicron,BA.1,0,0,0
USA,2021-10-09,BA.2,Omicron,BA.2,0,0,0
USA,2021-10-09,BA.2.12.1,Omicron,BA.2.12,0,NA,NA
USA,2021-10-09,BA.2.75,Omicron,BA.2.75,0,NA,NA
USA,2021-10-09,BA.2.75.2,Omicron,BA.2.75,0,NA,NA
USA,2021-10-09,BA.4,Omicron,BA.4,0,NA,NA
USA,2021-10-09,BA.4.6,Omicron,Other,0,NA,NA
USA,2021-10-09,BA.5,Omicron,BA.5,0,NA,NA
USA,2021-10-09,BA.5.2.6,Omicron,BA.5,0,NA,NA
USA,2021-10-09,BF.11,NA,Other,0,NA,NA
USA,2021-10-09,BF.7,NA,Other,0,NA,NA
USA,2021-10-09,BN.1,NA,Other,0,NA,NA
USA,2021-10-09,BQ.1,Omicron,Other,0,NA,NA
USA,2021-10-09,BQ.1.1,Omicron,Other,0,NA,NA
USA,2021-10-09,Other,NA,Other,1,0.7,1.4
USA,2021-10-09,XBB,Omicron,Other,0,NA,NA
USA,2021-10-09,XBB.1.5,Omicron,Other,0,NA,NA
USA,2021-10-16,AY.1,Delta,Delta,0.1,0,0.1
USA,2021-10-16,AY.2,Delta,Delta,0,0,0
USA,2021-10-16,B.1.1.529,NA,BA.1,0,NA,NA
USA,2021-10-16,B.1.1.7,Alpha,Other,0,NA,NA
USA,2021-10-16,B.1.617.2,Delta,Delta,99,98.5,99.3
USA,2021-10-16,BA.1.1,Omicron,BA.1,0,NA,NA
USA,2021-10-16,BA.2,Omicron,BA.2,0,NA,NA
USA,2021-10-16,BA.2.12.1,Omicron,BA.2.12,0,NA,NA
USA,2021-10-16,BA.2.75,Omicron,BA.2.75,0,NA,NA
USA,2021-10-16,BA.2.75.2,Omicron,BA.2.75,0,NA,NA
USA,2021-10-16,BA.4,Omicron,BA.4,0,NA,NA
USA,2021-10-16,BA.4.6,Omicron,Other,0,NA,NA
USA,2021-10-16,BA.5,Omicron,BA.5,0,NA,NA
USA,2021-10-16,BA.5.2.6,Omicron,BA.5,0,NA,NA
USA,2021-10-16,BF.11,NA,Other,0,NA,NA
USA,2021-10-16,BF.7,NA,Other,0,NA,NA
USA,2021-10-16,BN.1,NA,Other,0,NA,NA
USA,2021-10-16,BQ.1,Omicron,Other,0,NA,NA
USA,2021-10-16,BQ.1.1,Omicron,Other,0,NA,NA
USA,2021-10-16,Other,NA,Other,1,0.7,1.5
USA,2021-10-16,XBB,Omicron,Other,0,NA,NA
USA,2021-10-16,XBB.1.5,Omicron,Other,0,NA,NA
USA,2021-10-23,AY.1,Delta,Delta,0.1,0,0.1
USA,2021-10-23,AY.2,Delta,Delta,0,0,0
USA,2021-10-23,B.1.1.529,NA,BA.1,0,NA,NA
USA,2021-10-23,B.1.617.2,Delta,Delta,98.8,98.2,99.2
USA,2021-10-23,BA.1.1,Omicron,BA.1,0,0,0
USA,2021-10-23,BA.2,Omicron,BA.2,0,NA,NA
USA,2021-10-23,BA.2.12.1,Omicron,BA.2.12,0,NA,NA
USA,2021-10-23,BA.2.75,Omicron,BA.2.75,0,NA,NA
USA,2021-10-23,BA.2.75.2,Omicron,BA.2.75,0,NA,NA
USA,2021-10-23,BA.4,Omicron,BA.4,0,NA,NA
USA,2021-10-23,BA.4.6,Omicron,Other,0,NA,NA
USA,2021-10-23,BA.5,Omicron,BA.5,0,0,0
USA,2021-10-23,BA.5.2.6,Omicron,BA.5,0,NA,NA
USA,2021-10-23,BF.11,NA,Other,0,NA,NA
USA,2021-10-23,BF.7,NA,Other,0,NA,NA
USA,2021-10-23,BN.1,NA,Other,0,NA,NA
USA,2021-10-23,BQ.1,Omicron,Other,0,NA,NA
USA,2021-10-23,BQ.1.1,Omicron,Other,0,NA,NA
USA,2021-10-23,Other,NA,Other,1.2,0.8,1.8
USA,2021-10-23,XBB,Omicron,Other,0,NA,NA
USA,2021-10-23,XBB.1.5,Omicron,Other,0,NA,NA
USA,2021-10-30,AY.1,Delta,Delta,0.1,0.1,0.2
USA,2021-10-30,AY.2,Delta,Delta,0,0,0
USA,2021-10-30,B.1.1.529,NA,BA.1,0,0,0
USA,2021-10-30,B.1.617.2,Delta,Delta,99,98.6,99.4
USA,2021-10-30,BA.1.1,Omicron,BA.1,0,0,0
USA,2021-10-30,BA.2,Omicron,BA.2,0,0,0
USA,2021-10-30,BA.2.12.1,Omicron,BA.2.12,0,NA,NA
USA,2021-10-30,BA.2.75,Omicron,BA.2.75,0,NA,NA
USA,2021-10-30,BA.2.75.2,Omicron,BA.2.75,0,NA,NA
USA,2021-10-30,BA.4,Omicron,BA.4,0,NA,NA
USA,2021-10-30,BA.4.6,Omicron,Other,0,NA,NA
USA,2021-10-30,BA.5,Omicron,BA.5,0,NA,NA
USA,2021-10-30,BA.5.2.6,Omicron,BA.5,0,NA,NA
USA,2021-10-30,BF.11,NA,Other,0,NA,NA
USA,2021-10-30,BF.7,NA,Other,0,NA,NA
USA,2021-10-30,BN.1,NA,Other,0,NA,NA
USA,2021-10-30,BQ.1,Omicron,Other,0,NA,NA
USA,2021-10-30,BQ.1.1,Omicron,Other,0,NA,NA
USA,2021-10-30,Other,NA,Other,0.9,0.6,1.4
USA,2021-10-30,XBB,Omicron,Other,0,NA,NA
USA,2021-10-30,XBB.1.5,Omicron,Other,0,NA,NA
USA,2021-11-06,AY.1,Delta,Delta,0.1,0,0.1
USA,2021-11-06,AY.2,Delta,Delta,0,0,0.1
USA,2021-11-06,B.1.1.529,NA,BA.1,0,NA,NA
USA,2021-11-06,B.1.617.2,Delta,Delta,98.5,97.9,99
USA,2021-11-06,BA.1.1,Omicron,BA.1,0,NA,NA
USA,2021-11-06,BA.2,Omicron,BA.2,0,0,0
USA,2021-11-06,BA.2.12.1,Omicron,BA.2.12,0,0,0
USA,2021-11-06,BA.2.75,Omicron,BA.2.75,0,NA,NA
USA,2021-11-06,BA.2.75.2,Omicron,BA.2.75,0,NA,NA
USA,2021-11-06,BA.4,Omicron,BA.4,0,NA,NA
USA,2021-11-06,BA.4.6,Omicron,Other,0,NA,NA
USA,2021-11-06,BA.5,Omicron,BA.5,0,NA,NA
USA,2021-11-06,BA.5.2.6,Omicron,BA.5,0,NA,NA
USA,2021-11-06,BF.11,NA,Other,0,NA,NA
USA,2021-11-06,BF.7,NA,Other,0,NA,NA
USA,2021-11-06,BN.1,NA,Other,0,NA,NA
USA,2021-11-06,BQ.1,Omicron,Other,0,NA,NA
USA,2021-11-06,BQ.1.1,Omicron,Other,0,NA,NA
USA,2021-11-06,Other,NA,Other,1.5,1,2.1
USA,2021-11-06,XBB,Omicron,Other,0,NA,NA
USA,2021-11-06,XBB.1.5,Omicron,Other,0,NA,NA
USA,2021-11-13,AY.1,Delta,Delta,0.1,0,0.1
USA,2021-11-13,AY.2,Delta,Delta,0,0,0
USA,2021-11-13,B.1.1.529,NA,BA.1,0,NA,NA
USA,2021-11-13,B.1.617.2,Delta,Delta,98.3,97.7,98.8
USA,2021-11-13,BA.1.1,Omicron,BA.1,0,0,0.1
USA,2021-11-13,BA.2,Omicron,BA.2,0,0,0
USA,2021-11-13,BA.2.12.1,Omicron,BA.2.12,0,NA,NA
USA,2021-11-13,BA.2.75,Omicron,BA.2.75,0,NA,NA
USA,2021-11-13,BA.2.75.2,Omicron,BA.2.75,0,NA,NA
USA,2021-11-13,BA.4,Omicron,BA.4,0,NA,NA
USA,2021-11-13,BA.4.6,Omicron,Other,0,NA,NA
USA,2021-11-13,BA.5,Omicron,BA.5,0,0,0
USA,2021-11-13,BA.5.2.6,Omicron,BA.5,0,NA,NA
USA,2021-11-13,BF.11,NA,Other,0,NA,NA
USA,2021-11-13,BF.7,NA,Other,0,NA,NA
USA,2021-11-13,BN.1,NA,Other,0,NA,NA
USA,2021-11-13,BQ.1,Omicron,Other,0,0,0
USA,2021-11-13,BQ.1.1,Omicron,Other,0,NA,NA
USA,2021-11-13,Other,NA,Other,1.7,1.2,2.3
USA,2021-11-13,XBB,Omicron,Other,0,NA,NA
USA,2021-11-13,XBB.1.5,Omicron,Other,0,NA,NA
USA,2021-11-20,AY.1,Delta,Delta,0.1,0,0.1
USA,2021-11-20,AY.2,Delta,Delta,0,0,0
USA,2021-11-20,B.1.1.529,NA,BA.1,0,0,0.1
USA,2021-11-20,B.1.617.2,Delta,Delta,98,97.3,98.6
USA,2021-11-20,BA.1.1,Omicron,BA.1,0,0,0.2
USA,2021-11-20,BA.2,Omicron,BA.2,0,NA,NA
USA,2021-11-20,BA.2.12.1,Omicron,BA.2.12,0,NA,NA
USA,2021-11-20,BA.2.75,Omicron,BA.2.75,0,NA,NA
USA,2021-11-20,BA.2.75.2,Omicron,BA.2.75,0,NA,NA
USA,2021-11-20,BA.4,Omicron,BA.4,0,0,0
USA,2021-11-20,BA.4.6,Omicron,Other,0,NA,NA
USA,2021-11-20,BA.5,Omicron,BA.5,0,0,0
USA,2021-11-20,BA.5.2.6,Omicron,BA.5,0,NA,NA
USA,2021-11-20,BF.11,NA,Other,0,NA,NA
USA,2021-11-20,BF.7,NA,Other,0,NA,NA
USA,2021-11-20,BN.1,NA,Other,0,NA,NA
USA,2021-11-20,BQ.1,Omicron,Other,0,NA,NA
USA,2021-11-20,BQ.1.1,Omicron,Other,0,NA,NA
USA,2021-11-20,Other,NA,Other,1.9,1.4,2.6
USA,2021-11-20,XBB,Omicron,Other,0,NA,NA
USA,2021-11-20,XBB.1.5,Omicron,Other,0,NA,NA
USA,2021-11-27,AY.1,Delta,Delta,0.1,0.1,0.2
USA,2021-11-27,AY.2,Delta,Delta,0,NA,NA
USA,2021-11-27,B.1.1.529,NA,BA.1,0.1,0,0.1
USA,2021-11-27,B.1.617.2,Delta,Delta,98.9,98.4,99.3
USA,2021-11-27,BA.1.1,Omicron,BA.1,0,0,0.2
USA,2021-11-27,BA.2,Omicron,BA.2,0,NA,NA
USA,2021-11-27,BA.2.12.1,Omicron,BA.2.12,0,NA,NA
USA,2021-11-27,BA.2.75,Omicron,BA.2.75,0,NA,NA
USA,2021-11-27,BA.2.75.2,Omicron,BA.2.75,0,NA,NA
USA,2021-11-27,BA.4,Omicron,BA.4,0,0,0
USA,2021-11-27,BA.4.6,Omicron,Other,0,NA,NA
USA,2021-11-27,BA.5,Omicron,BA.5,0,0,0
USA,2021-11-27,BA.5.2.6,Omicron,BA.5,0,NA,NA
USA,2021-11-27,BF.11,NA,Other,0,NA,NA
USA,2021-11-27,BF.7,NA,Other,0,NA,NA
USA,2021-11-27,BN.1,NA,Other,0,NA,NA
USA,2021-11-27,BQ.1,Omicron,Other,0,NA,NA
USA,2021-11-27,BQ.1.1,Omicron,Other,0,NA,NA
USA,2021-11-27,Other,NA,Other,1,0.6,1.5
USA,2021-11-27,XBB,Omicron,Other,0,NA,NA
USA,2021-11-27,XBB.1.5,Omicron,Other,0,NA,NA
USA,2021-12-04,B.1.1.529,NA,BA.1,0.6,0.4,1
USA,2021-12-04,B.1.617.2,Delta,Delta,98.9,98.5,99.3
USA,2021-12-04,BA.1.1,Omicron,BA.1,0.2,0.1,0.3
USA,2021-12-04,BA.2,Omicron,BA.2,0,NA,NA
USA,2021-12-04,BA.2.12.1,Omicron,BA.2.12,0,NA,NA
USA,2021-12-04,BA.2.75,Omicron,BA.2.75,0,NA,NA
USA,2021-12-04,BA.2.75.2,Omicron,BA.2.75,0,NA,NA
USA,2021-12-04,BA.4,Omicron,BA.4,0,NA,NA
USA,2021-12-04,BA.4.6,Omicron,Other,0,NA,NA
USA,2021-12-04,BA.5,Omicron,BA.5,0,NA,NA
USA,2021-12-04,BA.5.2.6,Omicron,BA.5,0,NA,NA
USA,2021-12-04,BF.11,NA,Other,0,NA,NA
USA,2021-12-04,BF.7,NA,Other,0,NA,NA
USA,2021-12-04,BN.1,NA,Other,0,NA,NA
USA,2021-12-04,BQ.1,Omicron,Other,0,NA,NA
USA,2021-12-04,BQ.1.1,Omicron,Other,0,NA,NA
USA,2021-12-04,Other,NA,Other,0.3,0.2,0.4
USA,2021-12-04,XBB,Omicron,Other,0,NA,NA
USA,2021-12-04,XBB.1.5,Omicron,Other,0,NA,NA
USA,2021-12-11,B.1.1.529,NA,BA.1,5.5,3.3,8.4
USA,2021-12-11,B.1.617.2,Delta,Delta,91.8,88.5,94.4
USA,2021-12-11,BA.1.1,Omicron,BA.1,2.4,1.5,3.6
USA,2021-12-11,BA.2,Omicron,BA.2,0,NA,NA
USA,2021-12-11,BA.2.12.1,Omicron,BA.2.12,0,NA,NA
USA,2021-12-11,BA.2.75,Omicron,BA.2.75,0,NA,NA
USA,2021-12-11,BA.2.75.2,Omicron,BA.2.75,0,NA,NA
USA,2021-12-11,BA.4,Omicron,BA.4,0,NA,NA
USA,2021-12-11,BA.4.6,Omicron,Other,0,NA,NA
USA,2021-12-11,BA.5,Omicron,BA.5,0,NA,NA
USA,2021-12-11,BA.5.2.6,Omicron,BA.5,0,NA,NA
USA,2021-12-11,BF.11,NA,Other,0,NA,NA
USA,2021-12-11,BF.7,NA,Other,0,NA,NA
USA,2021-12-11,BN.1,NA,Other,0,NA,NA
USA,2021-12-11,BQ.1,Omicron,Other,0,NA,NA
USA,2021-12-11,BQ.1.1,Omicron,Other,0,NA,NA
USA,2021-12-11,Other,NA,Other,0.3,0.2,0.4
USA,2021-12-11,XBB,Omicron,Other,0,NA,NA
USA,2021-12-11,XBB.1.5,Omicron,Other,0,NA,NA
USA,2021-12-18,B.1.1.529,NA,BA.1,23,18.8,27.6
USA,2021-12-18,B.1.617.2,Delta,Delta,61.6,56.3,66.6
USA,2021-12-18,BA.1.1,Omicron,BA.1,15,11.7,18.8
USA,2021-12-18,BA.2,Omicron,BA.2,0,0,0
USA,2021-12-18,BA.2.12.1,Omicron,BA.2.12,0,NA,NA
USA,2021-12-18,BA.2.75,Omicron,BA.2.75,0,NA,NA
USA,2021-12-18,BA.2.75.2,Omicron,BA.2.75,0,NA,NA
USA,2021-12-18,BA.4,Omicron,BA.4,0,0,0
USA,2021-12-18,BA.4.6,Omicron,Other,0,0,0
USA,2021-12-18,BA.5,Omicron,BA.5,0,0,0
USA,2021-12-18,BA.5.2.6,Omicron,BA.5,0,NA,NA
USA,2021-12-18,BF.11,NA,Other,0,NA,NA
USA,2021-12-18,BF.7,NA,Other,0,NA,NA
USA,2021-12-18,BN.1,NA,Other,0,NA,NA
USA,2021-12-18,BQ.1,Omicron,Other,0,NA,NA
USA,2021-12-18,BQ.1.1,Omicron,Other,0,NA,NA
USA,2021-12-18,Other,NA,Other,0.4,0.3,0.6
USA,2021-12-18,XBB,Omicron,Other,0,NA,NA
USA,2021-12-18,XBB.1.5,Omicron,Other,0,NA,NA
USA,2021-12-25,B.1.1.529,NA,BA.1,39.6,35.2,44.2
USA,2021-12-25,B.1.617.2,Delta,Delta,25.8,21.8,30.2
USA,2021-12-25,BA.1.1,Omicron,BA.1,33.9,29.5,38.6
USA,2021-12-25,BA.2,Omicron,BA.2,0,0,0
USA,2021-12-25,BA.2.12.1,Omicron,BA.2.12,0,0,0
USA,2021-12-25,BA.2.75,Omicron,BA.2.75,0,NA,NA
USA,2021-12-25,BA.2.75.2,Omicron,BA.2.75,0,NA,NA
USA,2021-12-25,BA.4,Omicron,BA.4,0,0,0
USA,2021-12-25,BA.4.6,Omicron,Other,0,NA,NA
USA,2021-12-25,BA.5,Omicron,BA.5,0,NA,NA
USA,2021-12-25,BA.5.2.6,Omicron,BA.5,0,NA,NA
USA,2021-12-25,BF.11,NA,Other,0,NA,NA
USA,2021-12-25,BF.7,NA,Other,0,NA,NA
USA,2021-12-25,BN.1,NA,Other,0,NA,NA
USA,2021-12-25,BQ.1,Omicron,Other,0,NA,NA
USA,2021-12-25,BQ.1.1,Omicron,Other,0,NA,NA
USA,2021-12-25,Other,NA,Other,0.6,0.4,0.9
USA,2021-12-25,XBB,Omicron,Other,0,NA,NA
USA,2021-12-25,XBB.1.5,Omicron,Other,0,NA,NA
USA,2022-01-01,B.1.1.529,NA,BA.1,43.4,39.7,47.2
USA,2022-01-01,B.1.617.2,Delta,Delta,10.2,8.6,11.9
USA,2022-01-01,BA.1.1,Omicron,BA.1,45.6,42,49.3
USA,2022-01-01,BA.2,Omicron,BA.2,0,0,0
USA,2022-01-01,BA.2.12.1,Omicron,BA.2.12,0,0,0
USA,2022-01-01,BA.2.75,Omicron,BA.2.75,0,NA,NA
USA,2022-01-01,BA.2.75.2,Omicron,BA.2.75,0,NA,NA
USA,2022-01-01,BA.4,Omicron,BA.4,0,0,0
USA,2022-01-01,BA.4.6,Omicron,Other,0,NA,NA
USA,2022-01-01,BA.5,Omicron,BA.5,0,0,0
USA,2022-01-01,BA.5.2.6,Omicron,BA.5,0,NA,NA
USA,2022-01-01,BF.11,NA,Other,0,NA,NA
USA,2022-01-01,BF.7,NA,Other,0,NA,NA
USA,2022-01-01,BN.1,NA,Other,0,NA,NA
USA,2022-01-01,BQ.1,Omicron,Other,0,NA,NA
USA,2022-01-01,BQ.1.1,Omicron,Other,0,NA,NA
USA,2022-01-01,Other,NA,Other,0.8,0.5,1.1
USA,2022-01-01,XBB,Omicron,Other,0,NA,NA
USA,2022-01-01,XBB.1.5,Omicron,Other,0,NA,NA
USA,2022-01-08,B.1.1.529,NA,BA.1,41.2,38.2,44.3
USA,2022-01-08,B.1.617.2,Delta,Delta,4.5,3.6,5.4
USA,2022-01-08,BA.1.1,Omicron,BA.1,53.9,50.7,57.1
USA,2022-01-08,BA.2,Omicron,BA.2,0.1,0.1,0.3
USA,2022-01-08,BA.2.12.1,Omicron,BA.2.12,0,0,0.1
USA,2022-01-08,BA.2.75,Omicron,BA.2.75,0,NA,NA
USA,2022-01-08,BA.2.75.2,Omicron,BA.2.75,0,NA,NA
USA,2022-01-08,BA.4,Omicron,BA.4,0,NA,NA
USA,2022-01-08,BA.4.6,Omicron,Other,0,0,0
USA,2022-01-08,BA.5,Omicron,BA.5,0,0,0
USA,2022-01-08,BA.5.2.6,Omicron,BA.5,0,0,0
USA,2022-01-08,BF.11,NA,Other,0,NA,NA
USA,2022-01-08,BF.7,NA,Other,0,NA,NA
USA,2022-01-08,BN.1,NA,Other,0,NA,NA
USA,2022-01-08,BQ.1,Omicron,Other,0,NA,NA
USA,2022-01-08,BQ.1.1,Omicron,Other,0,NA,NA
USA,2022-01-08,Other,NA,Other,0.2,0.1,0.4
USA,2022-01-08,XBB,Omicron,Other,0,NA,NA
USA,2022-01-08,XBB.1.5,Omicron,Other,0,NA,NA
USA,2022-01-15,B.1.1.529,NA,BA.1,35.1,32.8,37.5
USA,2022-01-15,B.1.617.2,Delta,Delta,1.9,1.6,2.2
USA,2022-01-15,BA.1.1,Omicron,BA.1,62.7,60.3,65
USA,2022-01-15,BA.2,Omicron,BA.2,0.2,0.1,0.3
USA,2022-01-15,BA.2.12.1,Omicron,BA.2.12,0,NA,NA
USA,2022-01-15,BA.2.75,Omicron,BA.2.75,0,NA,NA
USA,2022-01-15,BA.2.75.2,Omicron,BA.2.75,0,NA,NA
USA,2022-01-15,BA.4,Omicron,BA.4,0,NA,NA
USA,2022-01-15,BA.4.6,Omicron,Other,0,0,0
USA,2022-01-15,BA.5,Omicron,BA.5,0,0,0
USA,2022-01-15,BA.5.2.6,Omicron,BA.5,0,NA,NA
USA,2022-01-15,BF.11,NA,Other,0,NA,NA
USA,2022-01-15,BF.7,NA,Other,0,NA,NA
USA,2022-01-15,BN.1,NA,Other,0,NA,NA
USA,2022-01-15,BQ.1,Omicron,Other,0,NA,NA
USA,2022-01-15,BQ.1.1,Omicron,Other,0,NA,NA
USA,2022-01-15,Other,NA,Other,0.1,0.1,0.2
USA,2022-01-15,XBB,Omicron,Other,0,NA,NA
USA,2022-01-15,XBB.1.5,Omicron,Other,0,NA,NA
USA,2022-01-22,B.1.1.529,NA,BA.1,31.6,28.9,34.5
USA,2022-01-22,B.1.617.2,Delta,Delta,0.8,0.6,1.1
USA,2022-01-22,BA.1.1,Omicron,BA.1,67,64.3,69.8
USA,2022-01-22,BA.2,Omicron,BA.2,0.4,0.3,0.5
USA,2022-01-22,BA.2.12.1,Omicron,BA.2.12,0,0,0.3
USA,2022-01-22,BA.2.75,Omicron,BA.2.75,0,NA,NA
USA,2022-01-22,BA.2.75.2,Omicron,BA.2.75,0,NA,NA
USA,2022-01-22,BA.4,Omicron,BA.4,0,0,0
USA,2022-01-22,BA.4.6,Omicron,Other,0,NA,NA
USA,2022-01-22,BA.5,Omicron,BA.5,0,0,0.1
USA,2022-01-22,BA.5.2.6,Omicron,BA.5,0,NA,NA
USA,2022-01-22,BF.11,NA,Other,0,NA,NA
USA,2022-01-22,BF.7,NA,Other,0,NA,NA
USA,2022-01-22,BN.1,NA,Other,0,NA,NA
USA,2022-01-22,BQ.1,Omicron,Other,0,NA,NA
USA,2022-01-22,BQ.1.1,Omicron,Other,0,NA,NA
USA,2022-01-22,Other,NA,Other,0,0,0
USA,2022-01-22,XBB,Omicron,Other,0,NA,NA
USA,2022-01-22,XBB.1.5,Omicron,Other,0,NA,NA
USA,2022-01-29,B.1.1.529,NA,BA.1,27.8,24.7,31
USA,2022-01-29,B.1.617.2,Delta,Delta,0.5,0.4,0.6
USA,2022-01-29,BA.1.1,Omicron,BA.1,70.9,67.7,73.9
USA,2022-01-29,BA.2,Omicron,BA.2,0.8,0.6,1
USA,2022-01-29,BA.2.12.1,Omicron,BA.2.12,0,NA,NA
USA,2022-01-29,BA.2.75,Omicron,BA.2.75,0,NA,NA
USA,2022-01-29,BA.2.75.2,Omicron,BA.2.75,0,NA,NA
USA,2022-01-29,BA.4,Omicron,BA.4,0,NA,NA
USA,2022-01-29,BA.4.6,Omicron,Other,0,NA,NA
USA,2022-01-29,BA.5,Omicron,BA.5,0,0,0
USA,2022-01-29,BA.5.2.6,Omicron,BA.5,0,NA,NA
USA,2022-01-29,BF.11,NA,Other,0,NA,NA
USA,2022-01-29,BF.7,NA,Other,0,NA,NA
USA,2022-01-29,BN.1,NA,Other,0,NA,NA
USA,2022-01-29,BQ.1,Omicron,Other,0,0,0
USA,2022-01-29,BQ.1.1,Omicron,Other,0,NA,NA
USA,2022-01-29,Other,NA,Other,0,0,0.1
USA,2022-01-29,XBB,Omicron,Other,0,NA,NA
USA,2022-01-29,XBB.1.5,Omicron,Other,0,NA,NA
USA,2022-02-05,B.1.1.529,NA,BA.1,24.9,22.1,28
USA,2022-02-05,B.1.617.2,Delta,Delta,0.7,0.1,2.5
USA,2022-02-05,BA.1.1,Omicron,BA.1,73.3,70.3,76.3
USA,2022-02-05,BA.2,Omicron,BA.2,1,0.8,1.2
USA,2022-02-05,BA.2.12.1,Omicron,BA.2.12,0,NA,NA
USA,2022-02-05,BA.2.75,Omicron,BA.2.75,0,NA,NA
USA,2022-02-05,BA.2.75.2,Omicron,BA.2.75,0,NA,NA
USA,2022-02-05,BA.4,Omicron,BA.4,0,NA,NA
USA,2022-02-05,BA.4.6,Omicron,Other,0,NA,NA
USA,2022-02-05,BA.5,Omicron,BA.5,0,NA,NA
USA,2022-02-05,BA.5.2.6,Omicron,BA.5,0,NA,NA
USA,2022-02-05,BF.11,NA,Other,0,NA,NA
USA,2022-02-05,BF.7,NA,Other,0,NA,NA
USA,2022-02-05,BN.1,NA,Other,0,NA,NA
USA,2022-02-05,BQ.1,Omicron,Other,0,NA,NA
USA,2022-02-05,BQ.1.1,Omicron,Other,0,NA,NA
USA,2022-02-05,Other,NA,Other,0,0,0
USA,2022-02-05,XBB,Omicron,Other,0,NA,NA
USA,2022-02-05,XBB.1.5,Omicron,Other,0,NA,NA
USA,2022-02-12,B.1.1.529,NA,BA.1,21.4,19.6,23.3
USA,2022-02-12,B.1.617.2,Delta,Delta,0.2,0.1,0.2
USA,2022-02-12,BA.1.1,Omicron,BA.1,76.2,74.3,78.1
USA,2022-02-12,BA.2,Omicron,BA.2,2.2,1.8,2.6
USA,2022-02-12,BA.2.12.1,Omicron,BA.2.12,0,NA,NA
USA,2022-02-12,BA.2.75,Omicron,BA.2.75,0,NA,NA
USA,2022-02-12,BA.2.75.2,Omicron,BA.2.75,0,NA,NA
USA,2022-02-12,BA.4,Omicron,BA.4,0,0,0
USA,2022-02-12,BA.4.6,Omicron,Other,0,NA,NA
USA,2022-02-12,BA.5,Omicron,BA.5,0,0,0
USA,2022-02-12,BA.5.2.6,Omicron,BA.5,0,NA,NA
USA,2022-02-12,BF.11,NA,Other,0,NA,NA
USA,2022-02-12,BF.7,NA,Other,0,NA,NA
USA,2022-02-12,BN.1,NA,Other,0,NA,NA
USA,2022-02-12,BQ.1,Omicron,Other,0,NA,NA
USA,2022-02-12,BQ.1.1,Omicron,Other,0,NA,NA
USA,2022-02-12,Other,NA,Other,0,0,0
USA,2022-02-12,XBB,Omicron,Other,0,NA,NA
USA,2022-02-12,XBB.1.5,Omicron,Other,0,NA,NA
USA,2022-02-19,B.1.1.529,NA,BA.1,19,17.4,20.8
USA,2022-02-19,B.1.617.2,Delta,Delta,0.1,0.1,0.2
USA,2022-02-19,BA.1.1,Omicron,BA.1,77,75,78.9
USA,2022-02-19,BA.2,Omicron,BA.2,3.9,3.3,4.5
USA,2022-02-19,BA.2.12.1,Omicron,BA.2.12,0,0,0
USA,2022-02-19,BA.2.75,Omicron,BA.2.75,0,NA,NA
USA,2022-02-19,BA.2.75.2,Omicron,BA.2.75,0,NA,NA
USA,2022-02-19,BA.4,Omicron,BA.4,0,NA,NA
USA,2022-02-19,BA.4.6,Omicron,Other,0,NA,NA
USA,2022-02-19,BA.5,Omicron,BA.5,0,NA,NA
USA,2022-02-19,BA.5.2.6,Omicron,BA.5,0,NA,NA
USA,2022-02-19,BF.11,NA,Other,0,NA,NA
USA,2022-02-19,BF.7,NA,Other,0,NA,NA
USA,2022-02-19,BN.1,NA,Other,0,NA,NA
USA,2022-02-19,BQ.1,Omicron,Other,0,NA,NA
USA,2022-02-19,BQ.1.1,Omicron,Other,0,NA,NA
USA,2022-02-19,Other,NA,Other,0,0,0.1
USA,2022-02-19,XBB,Omicron,Other,0,NA,NA
USA,2022-02-19,XBB.1.5,Omicron,Other,0,NA,NA
USA,2022-02-26,B.1.1.529,NA,BA.1,16.6,15.2,18.1
USA,2022-02-26,B.1.617.2,Delta,Delta,0.2,0.1,0.3
USA,2022-02-26,BA.1.1,Omicron,BA.1,75.7,74,77.2
USA,2022-02-26,BA.2,Omicron,BA.2,7.3,6.4,8.3
USA,2022-02-26,BA.2.12.1,Omicron,BA.2.12,0.1,0,0.3
USA,2022-02-26,BA.2.75,Omicron,BA.2.75,0,NA,NA
USA,2022-02-26,BA.2.75.2,Omicron,BA.2.75,0,NA,NA
USA,2022-02-26,BA.4,Omicron,BA.4,0,0,0.1
USA,2022-02-26,BA.4.6,Omicron,Other,0,NA,NA
USA,2022-02-26,BA.5,Omicron,BA.5,0.1,0,0.3
USA,2022-02-26,BA.5.2.6,Omicron,BA.5,0,NA,NA
USA,2022-02-26,BF.11,NA,Other,0,NA,NA
USA,2022-02-26,BF.7,NA,Other,0,NA,NA
USA,2022-02-26,BN.1,NA,Other,0,NA,NA
USA,2022-02-26,BQ.1,Omicron,Other,0,NA,NA
USA,2022-02-26,BQ.1.1,Omicron,Other,0,NA,NA
USA,2022-02-26,Other,NA,Other,0.1,0.1,0.2
USA,2022-02-26,XBB,Omicron,Other,0,NA,NA
USA,2022-02-26,XBB.1.5,Omicron,Other,0,NA,NA
USA,2022-03-05,B.1.1.529,NA,BA.1,13.9,12.3,15.5
USA,2022-03-05,B.1.617.2,Delta,Delta,0.1,0,0.2
USA,2022-03-05,BA.1.1,Omicron,BA.1,71.8,69.9,73.6
USA,2022-03-05,BA.2,Omicron,BA.2,14,12.4,15.7
USA,2022-03-05,BA.2.12.1,Omicron,BA.2.12,0.1,0,0.4
USA,2022-03-05,BA.2.75,Omicron,BA.2.75,0,NA,NA
USA,2022-03-05,BA.2.75.2,Omicron,BA.2.75,0,NA,NA
USA,2022-03-05,BA.4,Omicron,BA.4,0,NA,NA
USA,2022-03-05,BA.4.6,Omicron,Other,0,NA,NA
USA,2022-03-05,BA.5,Omicron,BA.5,0,NA,NA
USA,2022-03-05,BA.5.2.6,Omicron,BA.5,0,NA,NA
USA,2022-03-05,BF.11,NA,Other,0,NA,NA
USA,2022-03-05,BF.7,NA,Other,0,NA,NA
USA,2022-03-05,BN.1,NA,Other,0,NA,NA
USA,2022-03-05,BQ.1,Omicron,Other,0,NA,NA
USA,2022-03-05,BQ.1.1,Omicron,Other,0,NA,NA
USA,2022-03-05,Other,NA,Other,0.1,0,0.2
USA,2022-03-05,XBB,Omicron,Other,0,NA,NA
USA,2022-03-05,XBB.1.5,Omicron,Other,0,NA,NA
USA,2022-03-12,B.1.1.529,NA,BA.1,11.4,9.4,13.5
USA,2022-03-12,B.1.617.2,Delta,Delta,0.1,0,0.2
USA,2022-03-12,BA.1.1,Omicron,BA.1,62,59.5,64.4
USA,2022-03-12,BA.2,Omicron,BA.2,26,23.5,28.5
USA,2022-03-12,BA.2.12.1,Omicron,BA.2.12,0.5,0.2,1.1
USA,2022-03-12,BA.2.75,Omicron,BA.2.75,0,NA,NA
USA,2022-03-12,BA.2.75.2,Omicron,BA.2.75,0,NA,NA
USA,2022-03-12,BA.4,Omicron,BA.4,0,NA,NA
USA,2022-03-12,BA.4.6,Omicron,Other,0,NA,NA
USA,2022-03-12,BA.5,Omicron,BA.5,0,NA,NA
USA,2022-03-12,BA.5.2.6,Omicron,BA.5,0,NA,NA
USA,2022-03-12,BF.11,NA,Other,0,NA,NA
USA,2022-03-12,BF.7,NA,Other,0,NA,NA
USA,2022-03-12,BN.1,NA,Other,0,NA,NA
USA,2022-03-12,BQ.1,Omicron,Other,0,NA,NA
USA,2022-03-12,BQ.1.1,Omicron,Other,0,NA,NA
USA,2022-03-12,Other,NA,Other,0.1,0,0.2
USA,2022-03-12,XBB,Omicron,Other,0,NA,NA
USA,2022-03-12,XBB.1.5,Omicron,Other,0,NA,NA
USA,2022-03-19,B.1.1.529,NA,BA.1,7.2,6.3,8.2
USA,2022-03-19,B.1.617.2,Delta,Delta,0.1,0,0.4
USA,2022-03-19,BA.1.1,Omicron,BA.1,49.5,46.5,52.5
USA,2022-03-19,BA.2,Omicron,BA.2,41.3,38.3,44.3
USA,2022-03-19,BA.2.12.1,Omicron,BA.2.12,1.7,0.8,3
USA,2022-03-19,BA.2.75,Omicron,BA.2.75,0,NA,NA
USA,2022-03-19,BA.2.75.2,Omicron,BA.2.75,0,NA,NA
USA,2022-03-19,BA.4,Omicron,BA.4,0,NA,NA
USA,2022-03-19,BA.4.6,Omicron,Other,0,NA,NA
USA,2022-03-19,BA.5,Omicron,BA.5,0,0,0
USA,2022-03-19,BA.5.2.6,Omicron,BA.5,0,NA,NA
USA,2022-03-19,BF.11,NA,Other,0,NA,NA
USA,2022-03-19,BF.7,NA,Other,0,NA,NA
USA,2022-03-19,BN.1,NA,Other,0,NA,NA
USA,2022-03-19,BQ.1,Omicron,Other,0,NA,NA
USA,2022-03-19,BQ.1.1,Omicron,Other,0,NA,NA
USA,2022-03-19,Other,NA,Other,0.1,0.1,0.2
USA,2022-03-19,XBB,Omicron,Other,0,NA,NA
USA,2022-03-19,XBB.1.5,Omicron,Other,0,NA,NA
USA,2022-03-26,B.1.1.529,NA,BA.1,4.2,3.4,5.1
USA,2022-03-26,B.1.617.2,Delta,Delta,0.1,0,0.1
USA,2022-03-26,BA.1.1,Omicron,BA.1,32.4,29.5,35.4
USA,2022-03-26,BA.2,Omicron,BA.2,59.3,55.8,62.6
USA,2022-03-26,BA.2.12.1,Omicron,BA.2.12,4,2.4,6.2
USA,2022-03-26,BA.2.75,Omicron,BA.2.75,0,NA,NA
USA,2022-03-26,BA.2.75.2,Omicron,BA.2.75,0,NA,NA
USA,2022-03-26,BA.4,Omicron,BA.4,0,NA,NA
USA,2022-03-26,BA.4.6,Omicron,Other,0,NA,NA
USA,2022-03-26,BA.5,Omicron,BA.5,0,0,0.2
USA,2022-03-26,BA.5.2.6,Omicron,BA.5,0,NA,NA
USA,2022-03-26,BF.11,NA,Other,0,NA,NA
USA,2022-03-26,BF.7,NA,Other,0,NA,NA
USA,2022-03-26,BN.1,NA,Other,0,NA,NA
USA,2022-03-26,BQ.1,Omicron,Other,0,NA,NA
USA,2022-03-26,BQ.1.1,Omicron,Other,0,NA,NA
USA,2022-03-26,Other,NA,Other,0.1,0.1,0.2
USA,2022-03-26,XBB,Omicron,Other,0,NA,NA
USA,2022-03-26,XBB.1.5,Omicron,Other,0,NA,NA
USA,2022-04-02,B.1.1.529,NA,BA.1,1.9,1.6,2.3
USA,2022-04-02,B.1.617.2,Delta,Delta,0,0,0.1
USA,2022-04-02,BA.1.1,Omicron,BA.1,18.8,16.9,20.9
USA,2022-04-02,BA.2,Omicron,BA.2,70.8,68.1,73.4
USA,2022-04-02,BA.2.12.1,Omicron,BA.2.12,8.1,5.4,11.5
USA,2022-04-02,BA.2.75,Omicron,BA.2.75,0,NA,NA
USA,2022-04-02,BA.2.75.2,Omicron,BA.2.75,0,NA,NA
USA,2022-04-02,BA.4,Omicron,BA.4,0,0,0
USA,2022-04-02,BA.4.6,Omicron,Other,0,NA,NA
USA,2022-04-02,BA.5,Omicron,BA.5,0.1,0,0.3
USA,2022-04-02,BA.5.2.6,Omicron,BA.5,0,NA,NA
USA,2022-04-02,BF.11,NA,Other,0,NA,NA
USA,2022-04-02,BF.7,NA,Other,0,NA,NA
USA,2022-04-02,BN.1,NA,Other,0,NA,NA
USA,2022-04-02,BQ.1,Omicron,Other,0,NA,NA
USA,2022-04-02,BQ.1.1,Omicron,Other,0,NA,NA
USA,2022-04-02,Other,NA,Other,0.3,0.2,0.5
USA,2022-04-02,XBB,Omicron,Other,0,NA,NA
USA,2022-04-02,XBB.1.5,Omicron,Other,0,NA,NA
USA,2022-04-09,B.1.1.529,NA,BA.1,0.9,0.7,1.1
USA,2022-04-09,B.1.617.2,Delta,Delta,0,0,0.1
USA,2022-04-09,BA.1.1,Omicron,BA.1,9.9,8.9,10.9
USA,2022-04-09,BA.2,Omicron,BA.2,73.5,70.3,76.6
USA,2022-04-09,BA.2.12.1,Omicron,BA.2.12,15.4,11.9,19.5
USA,2022-04-09,BA.2.75,Omicron,BA.2.75,0,NA,NA
USA,2022-04-09,BA.2.75.2,Omicron,BA.2.75,0,NA,NA
USA,2022-04-09,BA.4,Omicron,BA.4,0,0,0.1
USA,2022-04-09,BA.4.6,Omicron,Other,0,NA,NA
USA,2022-04-09,BA.5,Omicron,BA.5,0,0,0.1
USA,2022-04-09,BA.5.2.6,Omicron,BA.5,0,NA,NA
USA,2022-04-09,BF.11,NA,Other,0,NA,NA
USA,2022-04-09,BF.7,NA,Other,0,NA,NA
USA,2022-04-09,BN.1,NA,Other,0,NA,NA
USA,2022-04-09,BQ.1,Omicron,Other,0,NA,NA
USA,2022-04-09,BQ.1.1,Omicron,Other,0,NA,NA
USA,2022-04-09,Other,NA,Other,0.2,0.1,0.4
USA,2022-04-09,XBB,Omicron,Other,0,NA,NA
USA,2022-04-09,XBB.1.5,Omicron,Other,0,NA,NA
USA,2022-04-16,B.1.1.529,NA,BA.1,0.6,0.4,0.8
USA,2022-04-16,B.1.617.2,Delta,Delta,0,0,0.1
USA,2022-04-16,BA.1.1,Omicron,BA.1,4.9,4.3,5.7
USA,2022-04-16,BA.2,Omicron,BA.2,73.5,69.7,77.1
USA,2022-04-16,BA.2.12.1,Omicron,BA.2.12,20.5,16.8,24.8
USA,2022-04-16,BA.2.75,Omicron,BA.2.75,0,NA,NA
USA,2022-04-16,BA.2.75.2,Omicron,BA.2.75,0,NA,NA
USA,2022-04-16,BA.4,Omicron,BA.4,0,0,0.1
USA,2022-04-16,BA.4.6,Omicron,Other,0,NA,NA
USA,2022-04-16,BA.5,Omicron,BA.5,0.1,0,0.3
USA,2022-04-16,BA.5.2.6,Omicron,BA.5,0,NA,NA
USA,2022-04-16,BF.11,NA,Other,0,NA,NA
USA,2022-04-16,BF.7,NA,Other,0,NA,NA
USA,2022-04-16,BN.1,NA,Other,0,NA,NA
USA,2022-04-16,BQ.1,Omicron,Other,0,NA,NA
USA,2022-04-16,BQ.1.1,Omicron,Other,0,NA,NA
USA,2022-04-16,Other,NA,Other,0.3,0.2,0.5
USA,2022-04-16,XBB,Omicron,Other,0,NA,NA
USA,2022-04-16,XBB.1.5,Omicron,Other,0,NA,NA
USA,2022-04-23,B.1.1.529,NA,BA.1,0.2,0.1,0.3
USA,2022-04-23,B.1.617.2,Delta,Delta,0,0,0.1
USA,2022-04-23,BA.1.1,Omicron,BA.1,2.7,2.2,3.2
USA,2022-04-23,BA.2,Omicron,BA.2,70.2,66.1,74.1
USA,2022-04-23,BA.2.12.1,Omicron,BA.2.12,26.5,22.5,30.8
USA,2022-04-23,BA.2.75,Omicron,BA.2.75,0,NA,NA
USA,2022-04-23,BA.2.75.2,Omicron,BA.2.75,0,NA,NA
USA,2022-04-23,BA.4,Omicron,BA.4,0.1,0.1,0.2
USA,2022-04-23,BA.4.6,Omicron,Other,0,NA,NA
USA,2022-04-23,BA.5,Omicron,BA.5,0,0,0.1
USA,2022-04-23,BA.5.2.6,Omicron,BA.5,0,NA,NA
USA,2022-04-23,BF.11,NA,Other,0,NA,NA
USA,2022-04-23,BF.7,NA,Other,0,NA,NA
USA,2022-04-23,BN.1,NA,Other,0,NA,NA
USA,2022-04-23,BQ.1,Omicron,Other,0,NA,NA
USA,2022-04-23,BQ.1.1,Omicron,Other,0,NA,NA
USA,2022-04-23,Other,NA,Other,0.3,0.2,0.5
USA,2022-04-23,XBB,Omicron,Other,0,NA,NA
USA,2022-04-23,XBB.1.5,Omicron,Other,0,NA,NA
USA,2022-04-30,B.1.1.529,NA,BA.1,0.2,0.1,0.2
USA,2022-04-30,B.1.617.2,Delta,Delta,0,0,0
USA,2022-04-30,BA.1.1,Omicron,BA.1,1.4,1.1,1.8
USA,2022-04-30,BA.2,Omicron,BA.2,62.4,59,65.8
USA,2022-04-30,BA.2.12.1,Omicron,BA.2.12,35.2,31.7,38.7
USA,2022-04-30,BA.2.75,Omicron,BA.2.75,0,NA,NA
USA,2022-04-30,BA.2.75.2,Omicron,BA.2.75,0,NA,NA
USA,2022-04-30,BA.4,Omicron,BA.4,0.2,0.2,0.4
USA,2022-04-30,BA.4.6,Omicron,Other,0,NA,NA
USA,2022-04-30,BA.5,Omicron,BA.5,0.3,0.1,0.5
USA,2022-04-30,BA.5.2.6,Omicron,BA.5,0,NA,NA
USA,2022-04-30,BF.11,NA,Other,0,NA,NA
USA,2022-04-30,BF.7,NA,Other,0,NA,NA
USA,2022-04-30,BN.1,NA,Other,0,NA,NA
USA,2022-04-30,BQ.1,Omicron,Other,0,NA,NA
USA,2022-04-30,BQ.1.1,Omicron,Other,0,NA,NA
USA,2022-04-30,Other,NA,Other,0.3,0.2,0.4
USA,2022-04-30,XBB,Omicron,Other,0,NA,NA
USA,2022-04-30,XBB.1.5,Omicron,Other,0,NA,NA
USA,2022-05-07,B.1.1.529,NA,BA.1,0,0,0.1
USA,2022-05-07,B.1.617.2,Delta,Delta,0,NA,NA
USA,2022-05-07,BA.1.1,Omicron,BA.1,0.6,0.5,0.7
USA,2022-05-07,BA.2,Omicron,BA.2,53.6,50.7,56.4
USA,2022-05-07,BA.2.12.1,Omicron,BA.2.12,44.4,41.5,47.3
USA,2022-05-07,BA.2.75,Omicron,BA.2.75,0,NA,NA
USA,2022-05-07,BA.2.75.2,Omicron,BA.2.75,0,NA,NA
USA,2022-05-07,BA.4,Omicron,BA.4,0.6,0.4,0.8
USA,2022-05-07,BA.4.6,Omicron,Other,0,NA,NA
USA,2022-05-07,BA.5,Omicron,BA.5,0.5,0.3,0.7
USA,2022-05-07,BA.5.2.6,Omicron,BA.5,0,NA,NA
USA,2022-05-07,BF.11,NA,Other,0,NA,NA
USA,2022-05-07,BF.7,NA,Other,0,NA,NA
USA,2022-05-07,BN.1,NA,Other,0,NA,NA
USA,2022-05-07,BQ.1,Omicron,Other,0,NA,NA
USA,2022-05-07,BQ.1.1,Omicron,Other,0,NA,NA
USA,2022-05-07,Other,NA,Other,0.4,0.3,0.5
USA,2022-05-07,XBB,Omicron,Other,0,NA,NA
USA,2022-05-07,XBB.1.5,Omicron,Other,0,NA,NA
USA,2022-05-14,B.1.1.529,NA,BA.1,0.1,0,0.2
USA,2022-05-14,B.1.617.2,Delta,Delta,0,0,0
USA,2022-05-14,BA.1.1,Omicron,BA.1,0.3,0.2,0.4
USA,2022-05-14,BA.2,Omicron,BA.2,46.3,44,48.6
USA,2022-05-14,BA.2.12.1,Omicron,BA.2.12,50.9,48.5,53.4
USA,2022-05-14,BA.2.75,Omicron,BA.2.75,0,NA,NA
USA,2022-05-14,BA.2.75.2,Omicron,BA.2.75,0,NA,NA
USA,2022-05-14,BA.4,Omicron,BA.4,1,0.8,1.2
USA,2022-05-14,BA.4.6,Omicron,Other,0,0,0
USA,2022-05-14,BA.5,Omicron,BA.5,1.1,0.9,1.5
USA,2022-05-14,BA.5.2.6,Omicron,BA.5,0,NA,NA
USA,2022-05-14,BF.11,NA,Other,0,NA,NA
USA,2022-05-14,BF.7,NA,Other,0,NA,NA
USA,2022-05-14,BN.1,NA,Other,0,NA,NA
USA,2022-05-14,BQ.1,Omicron,Other,0,NA,NA
USA,2022-05-14,BQ.1.1,Omicron,Other,0,NA,NA
USA,2022-05-14,Other,NA,Other,0.3,0.2,0.4
USA,2022-05-14,XBB,Omicron,Other,0,NA,NA
USA,2022-05-14,XBB.1.5,Omicron,Other,0,NA,NA
USA,2022-05-21,B.1.1.529,NA,BA.1,0,0,0.1
USA,2022-05-21,B.1.617.2,Delta,Delta,0,0,0
USA,2022-05-21,BA.1.1,Omicron,BA.1,0.2,0.1,0.2
USA,2022-05-21,BA.2,Omicron,BA.2,37.3,35.7,38.9
USA,2022-05-21,BA.2.12.1,Omicron,BA.2.12,57.8,55.9,59.6
USA,2022-05-21,BA.2.75,Omicron,BA.2.75,0,NA,NA
USA,2022-05-21,BA.2.75.2,Omicron,BA.2.75,0,NA,NA
USA,2022-05-21,BA.4,Omicron,BA.4,1.9,1.5,2.3
USA,2022-05-21,BA.4.6,Omicron,Other,0.1,0,0.1
USA,2022-05-21,BA.5,Omicron,BA.5,2.5,2.1,3
USA,2022-05-21,BA.5.2.6,Omicron,BA.5,0,NA,NA
USA,2022-05-21,BF.11,NA,Other,0,NA,NA
USA,2022-05-21,BF.7,NA,Other,0,NA,NA
USA,2022-05-21,BN.1,NA,Other,0,NA,NA
USA,2022-05-21,BQ.1,Omicron,Other,0,NA,NA
USA,2022-05-21,BQ.1.1,Omicron,Other,0,NA,NA
USA,2022-05-21,Other,NA,Other,0.3,0.3,0.4
USA,2022-05-21,XBB,Omicron,Other,0,NA,NA
USA,2022-05-21,XBB.1.5,Omicron,Other,0,NA,NA
USA,2022-05-28,B.1.1.529,NA,BA.1,0,0,0.1
USA,2022-05-28,B.1.617.2,Delta,Delta,0,NA,NA
USA,2022-05-28,BA.1.1,Omicron,BA.1,0.1,0,0.2
USA,2022-05-28,BA.2,Omicron,BA.2,29.1,27.8,30.5
USA,2022-05-28,BA.2.12.1,Omicron,BA.2.12,62.3,60.6,64
USA,2022-05-28,BA.2.75,Omicron,BA.2.75,0,NA,NA
USA,2022-05-28,BA.2.75.2,Omicron,BA.2.75,0,NA,NA
USA,2022-05-28,BA.4,Omicron,BA.4,3.4,3,3.9
USA,2022-05-28,BA.4.6,Omicron,Other,0.1,0,0.2
USA,2022-05-28,BA.5,Omicron,BA.5,4.6,4.1,5.1
USA,2022-05-28,BA.5.2.6,Omicron,BA.5,0,NA,NA
USA,2022-05-28,BF.11,NA,Other,0,NA,NA
USA,2022-05-28,BF.7,NA,Other,0,NA,NA
USA,2022-05-28,BN.1,NA,Other,0,NA,NA
USA,2022-05-28,BQ.1,Omicron,Other,0,NA,NA
USA,2022-05-28,BQ.1.1,Omicron,Other,0,NA,NA
USA,2022-05-28,Other,NA,Other,0.3,0.2,0.4
USA,2022-05-28,XBB,Omicron,Other,0,NA,NA
USA,2022-05-28,XBB.1.5,Omicron,Other,0,NA,NA
USA,2022-06-04,B.1.1.529,NA,BA.1,0.1,0,0.2
USA,2022-06-04,B.1.617.2,Delta,Delta,0,0,0.1
USA,2022-06-04,BA.1.1,Omicron,BA.1,0.1,0,0.5
USA,2022-06-04,BA.2,Omicron,BA.2,22.4,21.2,23.6
USA,2022-06-04,BA.2.12.1,Omicron,BA.2.12,61.1,59.9,62.4
USA,2022-06-04,BA.2.75,Omicron,BA.2.75,0,NA,NA
USA,2022-06-04,BA.2.75.2,Omicron,BA.2.75,0,NA,NA
USA,2022-06-04,BA.4,Omicron,BA.4,6.2,5.5,7
USA,2022-06-04,BA.4.6,Omicron,Other,0.2,0.1,0.3
USA,2022-06-04,BA.5,Omicron,BA.5,9.6,8.7,10.5
USA,2022-06-04,BA.5.2.6,Omicron,BA.5,0,NA,NA
USA,2022-06-04,BF.11,NA,Other,0,NA,NA
USA,2022-06-04,BF.7,NA,Other,0,NA,NA
USA,2022-06-04,BN.1,NA,Other,0,NA,NA
USA,2022-06-04,BQ.1,Omicron,Other,0,NA,NA
USA,2022-06-04,BQ.1.1,Omicron,Other,0,NA,NA
USA,2022-06-04,Other,NA,Other,0.2,0.2,0.3
USA,2022-06-04,XBB,Omicron,Other,0,NA,NA
USA,2022-06-04,XBB.1.5,Omicron,Other,0,NA,NA
USA,2022-06-11,B.1.1.529,NA,BA.1,0,0,0
USA,2022-06-11,B.1.617.2,Delta,Delta,0,NA,NA
USA,2022-06-11,BA.1.1,Omicron,BA.1,0,0,0.1
USA,2022-06-11,BA.2,Omicron,BA.2,16.6,15.8,17.4
USA,2022-06-11,BA.2.12.1,Omicron,BA.2.12,56.6,55.2,58
USA,2022-06-11,BA.2.75,Omicron,BA.2.75,0,NA,NA
USA,2022-06-11,BA.2.75.2,Omicron,BA.2.75,0,NA,NA
USA,2022-06-11,BA.4,Omicron,BA.4,8.6,7.8,9.4
USA,2022-06-11,BA.4.6,Omicron,Other,0.4,0.3,0.5
USA,2022-06-11,BA.5,Omicron,BA.5,17.6,16.4,18.9
USA,2022-06-11,BA.5.2.6,Omicron,BA.5,0,NA,NA
USA,2022-06-11,BF.11,NA,Other,0,NA,NA
USA,2022-06-11,BF.7,NA,Other,0,NA,NA
USA,2022-06-11,BN.1,NA,Other,0,NA,NA
USA,2022-06-11,BQ.1,Omicron,Other,0,NA,NA
USA,2022-06-11,BQ.1.1,Omicron,Other,0,NA,NA
USA,2022-06-11,Other,NA,Other,0.2,0.1,0.3
USA,2022-06-11,XBB,Omicron,Other,0,NA,NA
USA,2022-06-11,XBB.1.5,Omicron,Other,0,NA,NA
USA,2022-06-18,B.1.1.529,NA,BA.1,0,0,0
USA,2022-06-18,B.1.617.2,Delta,Delta,0,0,0
USA,2022-06-18,BA.1.1,Omicron,BA.1,0,0,0.1
USA,2022-06-18,BA.2,Omicron,BA.2,11,10.3,11.8
USA,2022-06-18,BA.2.12.1,Omicron,BA.2.12,48,46.8,49.3
USA,2022-06-18,BA.2.75,Omicron,BA.2.75,0,0,0
USA,2022-06-18,BA.2.75.2,Omicron,BA.2.75,0,NA,NA
USA,2022-06-18,BA.4,Omicron,BA.4,11.1,10.3,11.9
USA,2022-06-18,BA.4.6,Omicron,Other,0.7,0.5,0.9
USA,2022-06-18,BA.5,Omicron,BA.5,29,27.8,30.2
USA,2022-06-18,BA.5.2.6,Omicron,BA.5,0,0,0.1
USA,2022-06-18,BF.11,NA,Other,0,NA,NA
USA,2022-06-18,BF.7,NA,Other,0,NA,NA
USA,2022-06-18,BN.1,NA,Other,0,NA,NA
USA,2022-06-18,BQ.1,Omicron,Other,0,NA,NA
USA,2022-06-18,BQ.1.1,Omicron,Other,0,NA,NA
USA,2022-06-18,Other,NA,Other,0.1,0.1,0.2
USA,2022-06-18,XBB,Omicron,Other,0,NA,NA
USA,2022-06-18,XBB.1.5,Omicron,Other,0,NA,NA
USA,2022-06-25,B.1.1.529,NA,BA.1,0,0,0
USA,2022-06-25,B.1.617.2,Delta,Delta,0,0,0
USA,2022-06-25,BA.1.1,Omicron,BA.1,0,0,0
USA,2022-06-25,BA.2,Omicron,BA.2,7.6,7,8.2
USA,2022-06-25,BA.2.12.1,Omicron,BA.2.12,35.5,34.1,36.9
USA,2022-06-25,BA.2.75,Omicron,BA.2.75,0,0,0
USA,2022-06-25,BA.2.75.2,Omicron,BA.2.75,0,NA,NA
USA,2022-06-25,BA.4,Omicron,BA.4,12.9,12,13.9
USA,2022-06-25,BA.4.6,Omicron,Other,1,0.7,1.3
USA,2022-06-25,BA.5,Omicron,BA.5,42.8,41.2,44.5
USA,2022-06-25,BA.5.2.6,Omicron,BA.5,0,0,0
USA,2022-06-25,BF.11,NA,Other,0,NA,NA
USA,2022-06-25,BF.7,NA,Other,0,0,0
USA,2022-06-25,BN.1,NA,Other,0,NA,NA
USA,2022-06-25,BQ.1,Omicron,Other,0,NA,NA
USA,2022-06-25,BQ.1.1,Omicron,Other,0,NA,NA
USA,2022-06-25,Other,NA,Other,0.1,0.1,0.2
USA,2022-06-25,XBB,Omicron,Other,0,NA,NA
USA,2022-06-25,XBB.1.5,Omicron,Other,0,NA,NA
USA,2022-07-02,B.1.1.529,NA,BA.1,0,0,0
USA,2022-07-02,B.1.617.2,Delta,Delta,0,0,0
USA,2022-07-02,BA.1.1,Omicron,BA.1,0,0,0
USA,2022-07-02,BA.2,Omicron,BA.2,4.7,4.3,5.1
USA,2022-07-02,BA.2.12.1,Omicron,BA.2.12,24,23,25.1
USA,2022-07-02,BA.2.75,Omicron,BA.2.75,0,0,0
USA,2022-07-02,BA.2.75.2,Omicron,BA.2.75,0,NA,NA
USA,2022-07-02,BA.4,Omicron,BA.4,13.1,12.3,14
USA,2022-07-02,BA.4.6,Omicron,Other,1.9,1.3,2.6
USA,2022-07-02,BA.5,Omicron,BA.5,56.2,55,57.3
USA,2022-07-02,BA.5.2.6,Omicron,BA.5,0,0,0
USA,2022-07-02,BF.11,NA,Other,0,NA,NA
USA,2022-07-02,BF.7,NA,Other,0,0,0
USA,2022-07-02,BN.1,NA,Other,0,NA,NA
USA,2022-07-02,BQ.1,Omicron,Other,0,NA,NA
USA,2022-07-02,BQ.1.1,Omicron,Other,0,NA,NA
USA,2022-07-02,Other,NA,Other,0.1,0,0.1
USA,2022-07-02,XBB,Omicron,Other,0,NA,NA
USA,2022-07-02,XBB.1.5,Omicron,Other,0,NA,NA
USA,2022-07-09,B.1.1.529,NA,BA.1,0,0,0
USA,2022-07-09,B.1.617.2,Delta,Delta,0,0,0
USA,2022-07-09,BA.1.1,Omicron,BA.1,0,0,0.1
USA,2022-07-09,BA.2,Omicron,BA.2,2.9,2.6,3.2
USA,2022-07-09,BA.2.12.1,Omicron,BA.2.12,15.6,14.8,16.3
USA,2022-07-09,BA.2.75,Omicron,BA.2.75,0,0,0.1
USA,2022-07-09,BA.2.75.2,Omicron,BA.2.75,0,NA,NA
USA,2022-07-09,BA.4,Omicron,BA.4,12.8,12.1,13.6
USA,2022-07-09,BA.4.6,Omicron,Other,2.3,1.7,2.9
USA,2022-07-09,BA.5,Omicron,BA.5,66.2,65,67.4
USA,2022-07-09,BA.5.2.6,Omicron,BA.5,0,0,0.1
USA,2022-07-09,BF.11,NA,Other,0,0,0
USA,2022-07-09,BF.7,NA,Other,0,0,0
USA,2022-07-09,BN.1,NA,Other,0,NA,NA
USA,2022-07-09,BQ.1,Omicron,Other,0,NA,NA
USA,2022-07-09,BQ.1.1,Omicron,Other,0,NA,NA
USA,2022-07-09,Other,NA,Other,0.1,0.1,0.1
USA,2022-07-09,XBB,Omicron,Other,0,NA,NA
USA,2022-07-09,XBB.1.5,Omicron,Other,0,NA,NA
USA,2022-07-16,B.1.1.529,NA,BA.1,0,0,0
USA,2022-07-16,B.1.617.2,Delta,Delta,0,NA,NA
USA,2022-07-16,BA.1.1,Omicron,BA.1,0,0,0.1
USA,2022-07-16,BA.2,Omicron,BA.2,2,1.7,2.3
USA,2022-07-16,BA.2.12.1,Omicron,BA.2.12,9.5,8.9,10.1
USA,2022-07-16,BA.2.75,Omicron,BA.2.75,0.1,0,0.1
USA,2022-07-16,BA.2.75.2,Omicron,BA.2.75,0,NA,NA
USA,2022-07-16,BA.4,Omicron,BA.4,11.6,11,12.2
USA,2022-07-16,BA.4.6,Omicron,Other,3.1,2.6,3.6
USA,2022-07-16,BA.5,Omicron,BA.5,73.6,72.7,74.5
USA,2022-07-16,BA.5.2.6,Omicron,BA.5,0,0,0.1
USA,2022-07-16,BF.11,NA,Other,0,0,0.1
USA,2022-07-16,BF.7,NA,Other,0.1,0,0.1
USA,2022-07-16,BN.1,NA,Other,0,NA,NA
USA,2022-07-16,BQ.1,Omicron,Other,0,NA,NA
USA,2022-07-16,BQ.1.1,Omicron,Other,0,NA,NA
USA,2022-07-16,Other,NA,Other,0.1,0.1,0.1
USA,2022-07-16,XBB,Omicron,Other,0,NA,NA
USA,2022-07-16,XBB.1.5,Omicron,Other,0,NA,NA
USA,2022-07-23,B.1.1.529,NA,BA.1,0,0,0
USA,2022-07-23,B.1.617.2,Delta,Delta,0,NA,NA
USA,2022-07-23,BA.1.1,Omicron,BA.1,0,0,0.1
USA,2022-07-23,BA.2,Omicron,BA.2,1.4,1.2,1.6
USA,2022-07-23,BA.2.12.1,Omicron,BA.2.12,5.7,5.4,6.1
USA,2022-07-23,BA.2.75,Omicron,BA.2.75,0.1,0,0.1
USA,2022-07-23,BA.2.75.2,Omicron,BA.2.75,0,NA,NA
USA,2022-07-23,BA.4,Omicron,BA.4,9.8,9.1,10.4
USA,2022-07-23,BA.4.6,Omicron,Other,3.6,3,4.2
USA,2022-07-23,BA.5,Omicron,BA.5,79.2,78.3,80.1
USA,2022-07-23,BA.5.2.6,Omicron,BA.5,0,0,0.1
USA,2022-07-23,BF.11,NA,Other,0,0,0.1
USA,2022-07-23,BF.7,NA,Other,0.1,0.1,0.1
USA,2022-07-23,BN.1,NA,Other,0,NA,NA
USA,2022-07-23,BQ.1,Omicron,Other,0,NA,NA
USA,2022-07-23,BQ.1.1,Omicron,Other,0,NA,NA
USA,2022-07-23,Other,NA,Other,0.1,0.1,0.2
USA,2022-07-23,XBB,Omicron,Other,0,NA,NA
USA,2022-07-23,XBB.1.5,Omicron,Other,0,NA,NA
USA,2022-07-30,B.1.1.529,NA,BA.1,0,NA,NA
USA,2022-07-30,B.1.617.2,Delta,Delta,0,NA,NA
USA,2022-07-30,BA.1.1,Omicron,BA.1,0,0,0.1
USA,2022-07-30,BA.2,Omicron,BA.2,1,0.8,1.3
USA,2022-07-30,BA.2.12.1,Omicron,BA.2.12,3.4,3.1,3.8
USA,2022-07-30,BA.2.75,Omicron,BA.2.75,0.2,0.1,0.3
USA,2022-07-30,BA.2.75.2,Omicron,BA.2.75,0,0,0
USA,2022-07-30,BA.4,Omicron,BA.4,8.4,7.9,9.1
USA,2022-07-30,BA.4.6,Omicron,Other,4.4,3.7,5.1
USA,2022-07-30,BA.5,Omicron,BA.5,82.2,81.4,82.9
USA,2022-07-30,BA.5.2.6,Omicron,BA.5,0.1,0,0.1
USA,2022-07-30,BF.11,NA,Other,0,0,0.1
USA,2022-07-30,BF.7,NA,Other,0.1,0.1,0.2
USA,2022-07-30,BN.1,NA,Other,0,NA,NA
USA,2022-07-30,BQ.1,Omicron,Other,0,0,0
USA,2022-07-30,BQ.1.1,Omicron,Other,0,NA,NA
USA,2022-07-30,Other,NA,Other,0.1,0.1,0.2
USA,2022-07-30,XBB,Omicron,Other,0,NA,NA
USA,2022-07-30,XBB.1.5,Omicron,Other,0,NA,NA
USA,2022-08-06,B.1.1.529,NA,BA.1,0,0,0
USA,2022-08-06,B.1.617.2,Delta,Delta,0,0,0
USA,2022-08-06,BA.1.1,Omicron,BA.1,0,0,0
USA,2022-08-06,BA.2,Omicron,BA.2,0.6,0.4,0.9
USA,2022-08-06,BA.2.12.1,Omicron,BA.2.12,2.3,2.1,2.5
USA,2022-08-06,BA.2.75,Omicron,BA.2.75,0.2,0.1,0.3
USA,2022-08-06,BA.2.75.2,Omicron,BA.2.75,0,NA,NA
USA,2022-08-06,BA.4,Omicron,BA.4,7.2,6.8,7.7
USA,2022-08-06,BA.4.6,Omicron,Other,5,4.4,5.6
USA,2022-08-06,BA.5,Omicron,BA.5,84.2,83.4,85
USA,2022-08-06,BA.5.2.6,Omicron,BA.5,0.1,0,0.2
USA,2022-08-06,BF.11,NA,Other,0,0,0.1
USA,2022-08-06,BF.7,NA,Other,0.2,0.1,0.3
USA,2022-08-06,BN.1,NA,Other,0,NA,NA
USA,2022-08-06,BQ.1,Omicron,Other,0,0,0
USA,2022-08-06,BQ.1.1,Omicron,Other,0,0,0
USA,2022-08-06,Other,NA,Other,0.1,0.1,0.2
USA,2022-08-06,XBB,Omicron,Other,0,NA,NA
USA,2022-08-06,XBB.1.5,Omicron,Other,0,NA,NA
USA,2022-08-13,B.1.1.529,NA,BA.1,0,0,0.1
USA,2022-08-13,B.1.617.2,Delta,Delta,0,NA,NA
USA,2022-08-13,BA.1.1,Omicron,BA.1,0,0,0.1
USA,2022-08-13,BA.2,Omicron,BA.2,0.5,0.4,0.6
USA,2022-08-13,BA.2.12.1,Omicron,BA.2.12,1.2,1,1.4
USA,2022-08-13,BA.2.75,Omicron,BA.2.75,0.2,0.1,0.3
USA,2022-08-13,BA.2.75.2,Omicron,BA.2.75,0,0,0
USA,2022-08-13,BA.4,Omicron,BA.4,6,5.5,6.4
USA,2022-08-13,BA.4.6,Omicron,Other,6.4,5.6,7.3
USA,2022-08-13,BA.5,Omicron,BA.5,85.1,84.1,86.1
USA,2022-08-13,BA.5.2.6,Omicron,BA.5,0.1,0,0.2
USA,2022-08-13,BF.11,NA,Other,0.1,0,0.2
USA,2022-08-13,BF.7,NA,Other,0.4,0.3,0.5
USA,2022-08-13,BN.1,NA,Other,0,NA,NA
USA,2022-08-13,BQ.1,Omicron,Other,0,0,0
USA,2022-08-13,BQ.1.1,Omicron,Other,0,0,0
USA,2022-08-13,Other,NA,Other,0.1,0.1,0.1
USA,2022-08-13,XBB,Omicron,Other,0,0,0
USA,2022-08-13,XBB.1.5,Omicron,Other,0,NA,NA
USA,2022-08-20,B.1.1.529,NA,BA.1,0,0,0
USA,2022-08-20,B.1.617.2,Delta,Delta,0,NA,NA
USA,2022-08-20,BA.1.1,Omicron,BA.1,0,0,0
USA,2022-08-20,BA.2,Omicron,BA.2,0.3,0.2,0.5
USA,2022-08-20,BA.2.12.1,Omicron,BA.2.12,0.6,0.5,0.8
USA,2022-08-20,BA.2.75,Omicron,BA.2.75,0.4,0.3,0.5
USA,2022-08-20,BA.2.75.2,Omicron,BA.2.75,0,0,0.1
USA,2022-08-20,BA.4,Omicron,BA.4,4.5,4.1,4.9
USA,2022-08-20,BA.4.6,Omicron,Other,7,6.2,7.8
USA,2022-08-20,BA.5,Omicron,BA.5,86.3,85.3,87.2
USA,2022-08-20,BA.5.2.6,Omicron,BA.5,0.1,0.1,0.2
USA,2022-08-20,BF.11,NA,Other,0.1,0.1,0.2
USA,2022-08-20,BF.7,NA,Other,0.4,0.3,0.5
USA,2022-08-20,BN.1,NA,Other,0,0,0
USA,2022-08-20,BQ.1,Omicron,Other,0.1,0,0.2
USA,2022-08-20,BQ.1.1,Omicron,Other,0,0,0
USA,2022-08-20,Other,NA,Other,0.2,0.1,0.3
USA,2022-08-20,XBB,Omicron,Other,0,NA,NA
USA,2022-08-20,XBB.1.5,Omicron,Other,0,NA,NA
USA,2022-08-27,B.1.1.529,NA,BA.1,0,0,0
USA,2022-08-27,B.1.617.2,Delta,Delta,0,NA,NA
USA,2022-08-27,BA.1.1,Omicron,BA.1,0,0,0.1
USA,2022-08-27,BA.2,Omicron,BA.2,0.2,0.2,0.4
USA,2022-08-27,BA.2.12.1,Omicron,BA.2.12,0.4,0.3,0.5
USA,2022-08-27,BA.2.75,Omicron,BA.2.75,0.3,0.2,0.5
USA,2022-08-27,BA.2.75.2,Omicron,BA.2.75,0.1,0.1,0.2
USA,2022-08-27,BA.4,Omicron,BA.4,4.1,3.7,4.5
USA,2022-08-27,BA.4.6,Omicron,Other,7.9,7.1,8.8
USA,2022-08-27,BA.5,Omicron,BA.5,85.7,84.7,86.6
USA,2022-08-27,BA.5.2.6,Omicron,BA.5,0.1,0,0.2
USA,2022-08-27,BF.11,NA,Other,0.2,0.1,0.3
USA,2022-08-27,BF.7,NA,Other,0.6,0.5,0.8
USA,2022-08-27,BN.1,NA,Other,0,NA,NA
USA,2022-08-27,BQ.1,Omicron,Other,0.1,0,0.2
USA,2022-08-27,BQ.1.1,Omicron,Other,0,NA,NA
USA,2022-08-27,Other,NA,Other,0.1,0.1,0.2
USA,2022-08-27,XBB,Omicron,Other,0,0,0
USA,2022-08-27,XBB.1.5,Omicron,Other,0,NA,NA
